masking_case,dataset_split,strategy,true_index_class,predicted_index_class,count
component:A,calibration,drop,Favourable,Favourable,0
component:A,calibration,drop,Favourable,Acceptable,0
component:A,calibration,drop,Favourable,Degraded,0
component:A,calibration,drop,Favourable,Critical,0
component:A,calibration,drop,Acceptable,Favourable,0
component:A,calibration,drop,Acceptable,Acceptable,0
component:A,calibration,drop,Acceptable,Degraded,0
component:A,calibration,drop,Acceptable,Critical,0
component:A,calibration,drop,Degraded,Favourable,0
component:A,calibration,drop,Degraded,Acceptable,0
component:A,calibration,drop,Degraded,Degraded,0
component:A,calibration,drop,Degraded,Critical,0
component:A,calibration,drop,Critical,Favourable,0
component:A,calibration,drop,Critical,Acceptable,0
component:A,calibration,drop,Critical,Degraded,0
component:A,calibration,drop,Critical,Critical,0
component:A,calibration,favourable_value,Favourable,Favourable,260
component:A,calibration,favourable_value,Favourable,Acceptable,0
component:A,calibration,favourable_value,Favourable,Degraded,0
component:A,calibration,favourable_value,Favourable,Critical,0
component:A,calibration,favourable_value,Acceptable,Favourable,1
component:A,calibration,favourable_value,Acceptable,Acceptable,103
component:A,calibration,favourable_value,Acceptable,Degraded,0
component:A,calibration,favourable_value,Acceptable,Critical,0
component:A,calibration,favourable_value,Degraded,Favourable,4
component:A,calibration,favourable_value,Degraded,Acceptable,0
component:A,calibration,favourable_value,Degraded,Degraded,169
component:A,calibration,favourable_value,Degraded,Critical,0
component:A,calibration,favourable_value,Critical,Favourable,2
component:A,calibration,favourable_value,Critical,Acceptable,1
component:A,calibration,favourable_value,Critical,Degraded,7
component:A,calibration,favourable_value,Critical,Critical,293
component:A,calibration,locf,Favourable,Favourable,259
component:A,calibration,locf,Favourable,Acceptable,1
component:A,calibration,locf,Favourable,Degraded,0
component:A,calibration,locf,Favourable,Critical,0
component:A,calibration,locf,Acceptable,Favourable,0
component:A,calibration,locf,Acceptable,Acceptable,103
component:A,calibration,locf,Acceptable,Degraded,1
component:A,calibration,locf,Acceptable,Critical,0
component:A,calibration,locf,Degraded,Favourable,0
component:A,calibration,locf,Degraded,Acceptable,0
component:A,calibration,locf,Degraded,Degraded,171
component:A,calibration,locf,Degraded,Critical,2
component:A,calibration,locf,Critical,Favourable,0
component:A,calibration,locf,Critical,Acceptable,0
component:A,calibration,locf,Critical,Degraded,0
component:A,calibration,locf,Critical,Critical,303
component:A,calibration,mean_imputation,Favourable,Favourable,260
component:A,calibration,mean_imputation,Favourable,Acceptable,0
component:A,calibration,mean_imputation,Favourable,Degraded,0
component:A,calibration,mean_imputation,Favourable,Critical,0
component:A,calibration,mean_imputation,Acceptable,Favourable,1
component:A,calibration,mean_imputation,Acceptable,Acceptable,103
component:A,calibration,mean_imputation,Acceptable,Degraded,0
component:A,calibration,mean_imputation,Acceptable,Critical,0
component:A,calibration,mean_imputation,Degraded,Favourable,4
component:A,calibration,mean_imputation,Degraded,Acceptable,0
component:A,calibration,mean_imputation,Degraded,Degraded,169
component:A,calibration,mean_imputation,Degraded,Critical,0
component:A,calibration,mean_imputation,Critical,Favourable,2
component:A,calibration,mean_imputation,Critical,Acceptable,1
component:A,calibration,mean_imputation,Critical,Degraded,7
component:A,calibration,mean_imputation,Critical,Critical,293
component:A,calibration,proposed,Favourable,Favourable,260
component:A,calibration,proposed,Favourable,Acceptable,0
component:A,calibration,proposed,Favourable,Degraded,0
component:A,calibration,proposed,Favourable,Critical,0
component:A,calibration,proposed,Acceptable,Favourable,1
component:A,calibration,proposed,Acceptable,Acceptable,103
component:A,calibration,proposed,Acceptable,Degraded,0
component:A,calibration,proposed,Acceptable,Critical,0
component:A,calibration,proposed,Degraded,Favourable,4
component:A,calibration,proposed,Degraded,Acceptable,0
component:A,calibration,proposed,Degraded,Degraded,169
component:A,calibration,proposed,Degraded,Critical,0
component:A,calibration,proposed,Critical,Favourable,2
component:A,calibration,proposed,Critical,Acceptable,1
component:A,calibration,proposed,Critical,Degraded,7
component:A,calibration,proposed,Critical,Critical,293
component:A,validation,drop,Favourable,Favourable,0
component:A,validation,drop,Favourable,Acceptable,0
component:A,validation,drop,Favourable,Degraded,0
component:A,validation,drop,Favourable,Critical,0
component:A,validation,drop,Acceptable,Favourable,0
component:A,validation,drop,Acceptable,Acceptable,0
component:A,validation,drop,Acceptable,Degraded,0
component:A,validation,drop,Acceptable,Critical,0
component:A,validation,drop,Degraded,Favourable,0
component:A,validation,drop,Degraded,Acceptable,0
component:A,validation,drop,Degraded,Degraded,0
component:A,validation,drop,Degraded,Critical,0
component:A,validation,drop,Critical,Favourable,0
component:A,validation,drop,Critical,Acceptable,0
component:A,validation,drop,Critical,Degraded,0
component:A,validation,drop,Critical,Critical,0
component:A,validation,favourable_value,Favourable,Favourable,38
component:A,validation,favourable_value,Favourable,Acceptable,0
component:A,validation,favourable_value,Favourable,Degraded,0
component:A,validation,favourable_value,Favourable,Critical,0
component:A,validation,favourable_value,Acceptable,Favourable,0
component:A,validation,favourable_value,Acceptable,Acceptable,34
component:A,validation,favourable_value,Acceptable,Degraded,0
component:A,validation,favourable_value,Acceptable,Critical,0
component:A,validation,favourable_value,Degraded,Favourable,0
component:A,validation,favourable_value,Degraded,Acceptable,0
component:A,validation,favourable_value,Degraded,Degraded,68
component:A,validation,favourable_value,Degraded,Critical,0
component:A,validation,favourable_value,Critical,Favourable,0
component:A,validation,favourable_value,Critical,Acceptable,0
component:A,validation,favourable_value,Critical,Degraded,0
component:A,validation,favourable_value,Critical,Critical,220
component:A,validation,locf,Favourable,Favourable,38
component:A,validation,locf,Favourable,Acceptable,0
component:A,validation,locf,Favourable,Degraded,0
component:A,validation,locf,Favourable,Critical,0
component:A,validation,locf,Acceptable,Favourable,0
component:A,validation,locf,Acceptable,Acceptable,34
component:A,validation,locf,Acceptable,Degraded,0
component:A,validation,locf,Acceptable,Critical,0
component:A,validation,locf,Degraded,Favourable,0
component:A,validation,locf,Degraded,Acceptable,0
component:A,validation,locf,Degraded,Degraded,68
component:A,validation,locf,Degraded,Critical,0
component:A,validation,locf,Critical,Favourable,0
component:A,validation,locf,Critical,Acceptable,0
component:A,validation,locf,Critical,Degraded,0
component:A,validation,locf,Critical,Critical,220
component:A,validation,mean_imputation,Favourable,Favourable,38
component:A,validation,mean_imputation,Favourable,Acceptable,0
component:A,validation,mean_imputation,Favourable,Degraded,0
component:A,validation,mean_imputation,Favourable,Critical,0
component:A,validation,mean_imputation,Acceptable,Favourable,0
component:A,validation,mean_imputation,Acceptable,Acceptable,34
component:A,validation,mean_imputation,Acceptable,Degraded,0
component:A,validation,mean_imputation,Acceptable,Critical,0
component:A,validation,mean_imputation,Degraded,Favourable,0
component:A,validation,mean_imputation,Degraded,Acceptable,0
component:A,validation,mean_imputation,Degraded,Degraded,68
component:A,validation,mean_imputation,Degraded,Critical,0
component:A,validation,mean_imputation,Critical,Favourable,0
component:A,validation,mean_imputation,Critical,Acceptable,0
component:A,validation,mean_imputation,Critical,Degraded,0
component:A,validation,mean_imputation,Critical,Critical,220
component:A,validation,proposed,Favourable,Favourable,38
component:A,validation,proposed,Favourable,Acceptable,0
component:A,validation,proposed,Favourable,Degraded,0
component:A,validation,proposed,Favourable,Critical,0
component:A,validation,proposed,Acceptable,Favourable,0
component:A,validation,proposed,Acceptable,Acceptable,34
component:A,validation,proposed,Acceptable,Degraded,0
component:A,validation,proposed,Acceptable,Critical,0
component:A,validation,proposed,Degraded,Favourable,0
component:A,validation,proposed,Degraded,Acceptable,0
component:A,validation,proposed,Degraded,Degraded,68
component:A,validation,proposed,Degraded,Critical,0
component:A,validation,proposed,Critical,Favourable,0
component:A,validation,proposed,Critical,Acceptable,0
component:A,validation,proposed,Critical,Degraded,0
component:A,validation,proposed,Critical,Critical,220
component:M,calibration,drop,Favourable,Favourable,0
component:M,calibration,drop,Favourable,Acceptable,0
component:M,calibration,drop,Favourable,Degraded,0
component:M,calibration,drop,Favourable,Critical,0
component:M,calibration,drop,Acceptable,Favourable,0
component:M,calibration,drop,Acceptable,Acceptable,0
component:M,calibration,drop,Acceptable,Degraded,0
component:M,calibration,drop,Acceptable,Critical,0
component:M,calibration,drop,Degraded,Favourable,0
component:M,calibration,drop,Degraded,Acceptable,0
component:M,calibration,drop,Degraded,Degraded,0
component:M,calibration,drop,Degraded,Critical,0
component:M,calibration,drop,Critical,Favourable,0
component:M,calibration,drop,Critical,Acceptable,0
component:M,calibration,drop,Critical,Degraded,0
component:M,calibration,drop,Critical,Critical,0
component:M,calibration,favourable_value,Favourable,Favourable,260
component:M,calibration,favourable_value,Favourable,Acceptable,0
component:M,calibration,favourable_value,Favourable,Degraded,0
component:M,calibration,favourable_value,Favourable,Critical,0
component:M,calibration,favourable_value,Acceptable,Favourable,78
component:M,calibration,favourable_value,Acceptable,Acceptable,26
component:M,calibration,favourable_value,Acceptable,Degraded,0
component:M,calibration,favourable_value,Acceptable,Critical,0
component:M,calibration,favourable_value,Degraded,Favourable,136
component:M,calibration,favourable_value,Degraded,Acceptable,25
component:M,calibration,favourable_value,Degraded,Degraded,12
component:M,calibration,favourable_value,Degraded,Critical,0
component:M,calibration,favourable_value,Critical,Favourable,225
component:M,calibration,favourable_value,Critical,Acceptable,59
component:M,calibration,favourable_value,Critical,Degraded,3
component:M,calibration,favourable_value,Critical,Critical,16
component:M,calibration,locf,Favourable,Favourable,258
component:M,calibration,locf,Favourable,Acceptable,2
component:M,calibration,locf,Favourable,Degraded,0
component:M,calibration,locf,Favourable,Critical,0
component:M,calibration,locf,Acceptable,Favourable,1
component:M,calibration,locf,Acceptable,Acceptable,101
component:M,calibration,locf,Acceptable,Degraded,2
component:M,calibration,locf,Acceptable,Critical,0
component:M,calibration,locf,Degraded,Favourable,2
component:M,calibration,locf,Degraded,Acceptable,6
component:M,calibration,locf,Degraded,Degraded,163
component:M,calibration,locf,Degraded,Critical,2
component:M,calibration,locf,Critical,Favourable,1
component:M,calibration,locf,Critical,Acceptable,1
component:M,calibration,locf,Critical,Degraded,1
component:M,calibration,locf,Critical,Critical,300
component:M,calibration,mean_imputation,Favourable,Favourable,0
component:M,calibration,mean_imputation,Favourable,Acceptable,0
component:M,calibration,mean_imputation,Favourable,Degraded,260
component:M,calibration,mean_imputation,Favourable,Critical,0
component:M,calibration,mean_imputation,Acceptable,Favourable,0
component:M,calibration,mean_imputation,Acceptable,Acceptable,0
component:M,calibration,mean_imputation,Acceptable,Degraded,104
component:M,calibration,mean_imputation,Acceptable,Critical,0
component:M,calibration,mean_imputation,Degraded,Favourable,0
component:M,calibration,mean_imputation,Degraded,Acceptable,0
component:M,calibration,mean_imputation,Degraded,Degraded,173
component:M,calibration,mean_imputation,Degraded,Critical,0
component:M,calibration,mean_imputation,Critical,Favourable,0
component:M,calibration,mean_imputation,Critical,Acceptable,0
component:M,calibration,mean_imputation,Critical,Degraded,287
component:M,calibration,mean_imputation,Critical,Critical,16
component:M,calibration,proposed,Favourable,Favourable,260
component:M,calibration,proposed,Favourable,Acceptable,0
component:M,calibration,proposed,Favourable,Degraded,0
component:M,calibration,proposed,Favourable,Critical,0
component:M,calibration,proposed,Acceptable,Favourable,78
component:M,calibration,proposed,Acceptable,Acceptable,26
component:M,calibration,proposed,Acceptable,Degraded,0
component:M,calibration,proposed,Acceptable,Critical,0
component:M,calibration,proposed,Degraded,Favourable,136
component:M,calibration,proposed,Degraded,Acceptable,25
component:M,calibration,proposed,Degraded,Degraded,12
component:M,calibration,proposed,Degraded,Critical,0
component:M,calibration,proposed,Critical,Favourable,225
component:M,calibration,proposed,Critical,Acceptable,59
component:M,calibration,proposed,Critical,Degraded,3
component:M,calibration,proposed,Critical,Critical,16
component:M,validation,drop,Favourable,Favourable,0
component:M,validation,drop,Favourable,Acceptable,0
component:M,validation,drop,Favourable,Degraded,0
component:M,validation,drop,Favourable,Critical,0
component:M,validation,drop,Acceptable,Favourable,0
component:M,validation,drop,Acceptable,Acceptable,0
component:M,validation,drop,Acceptable,Degraded,0
component:M,validation,drop,Acceptable,Critical,0
component:M,validation,drop,Degraded,Favourable,0
component:M,validation,drop,Degraded,Acceptable,0
component:M,validation,drop,Degraded,Degraded,0
component:M,validation,drop,Degraded,Critical,0
component:M,validation,drop,Critical,Favourable,0
component:M,validation,drop,Critical,Acceptable,0
component:M,validation,drop,Critical,Degraded,0
component:M,validation,drop,Critical,Critical,0
component:M,validation,favourable_value,Favourable,Favourable,38
component:M,validation,favourable_value,Favourable,Acceptable,0
component:M,validation,favourable_value,Favourable,Degraded,0
component:M,validation,favourable_value,Favourable,Critical,0
component:M,validation,favourable_value,Acceptable,Favourable,23
component:M,validation,favourable_value,Acceptable,Acceptable,11
component:M,validation,favourable_value,Acceptable,Degraded,0
component:M,validation,favourable_value,Acceptable,Critical,0
component:M,validation,favourable_value,Degraded,Favourable,51
component:M,validation,favourable_value,Degraded,Acceptable,16
component:M,validation,favourable_value,Degraded,Degraded,1
component:M,validation,favourable_value,Degraded,Critical,0
component:M,validation,favourable_value,Critical,Favourable,118
component:M,validation,favourable_value,Critical,Acceptable,59
component:M,validation,favourable_value,Critical,Degraded,19
component:M,validation,favourable_value,Critical,Critical,24
component:M,validation,locf,Favourable,Favourable,37
component:M,validation,locf,Favourable,Acceptable,1
component:M,validation,locf,Favourable,Degraded,0
component:M,validation,locf,Favourable,Critical,0
component:M,validation,locf,Acceptable,Favourable,2
component:M,validation,locf,Acceptable,Acceptable,30
component:M,validation,locf,Acceptable,Degraded,2
component:M,validation,locf,Acceptable,Critical,0
component:M,validation,locf,Degraded,Favourable,0
component:M,validation,locf,Degraded,Acceptable,1
component:M,validation,locf,Degraded,Degraded,65
component:M,validation,locf,Degraded,Critical,2
component:M,validation,locf,Critical,Favourable,1
component:M,validation,locf,Critical,Acceptable,2
component:M,validation,locf,Critical,Degraded,1
component:M,validation,locf,Critical,Critical,216
component:M,validation,mean_imputation,Favourable,Favourable,0
component:M,validation,mean_imputation,Favourable,Acceptable,0
component:M,validation,mean_imputation,Favourable,Degraded,38
component:M,validation,mean_imputation,Favourable,Critical,0
component:M,validation,mean_imputation,Acceptable,Favourable,0
component:M,validation,mean_imputation,Acceptable,Acceptable,0
component:M,validation,mean_imputation,Acceptable,Degraded,34
component:M,validation,mean_imputation,Acceptable,Critical,0
component:M,validation,mean_imputation,Degraded,Favourable,0
component:M,validation,mean_imputation,Degraded,Acceptable,0
component:M,validation,mean_imputation,Degraded,Degraded,68
component:M,validation,mean_imputation,Degraded,Critical,0
component:M,validation,mean_imputation,Critical,Favourable,0
component:M,validation,mean_imputation,Critical,Acceptable,0
component:M,validation,mean_imputation,Critical,Degraded,196
component:M,validation,mean_imputation,Critical,Critical,24
component:M,validation,proposed,Favourable,Favourable,38
component:M,validation,proposed,Favourable,Acceptable,0
component:M,validation,proposed,Favourable,Degraded,0
component:M,validation,proposed,Favourable,Critical,0
component:M,validation,proposed,Acceptable,Favourable,23
component:M,validation,proposed,Acceptable,Acceptable,11
component:M,validation,proposed,Acceptable,Degraded,0
component:M,validation,proposed,Acceptable,Critical,0
component:M,validation,proposed,Degraded,Favourable,51
component:M,validation,proposed,Degraded,Acceptable,16
component:M,validation,proposed,Degraded,Degraded,1
component:M,validation,proposed,Degraded,Critical,0
component:M,validation,proposed,Critical,Favourable,118
component:M,validation,proposed,Critical,Acceptable,59
component:M,validation,proposed,Critical,Degraded,19
component:M,validation,proposed,Critical,Critical,24
component:V,calibration,drop,Favourable,Favourable,0
component:V,calibration,drop,Favourable,Acceptable,0
component:V,calibration,drop,Favourable,Degraded,0
component:V,calibration,drop,Favourable,Critical,0
component:V,calibration,drop,Acceptable,Favourable,0
component:V,calibration,drop,Acceptable,Acceptable,0
component:V,calibration,drop,Acceptable,Degraded,0
component:V,calibration,drop,Acceptable,Critical,0
component:V,calibration,drop,Degraded,Favourable,0
component:V,calibration,drop,Degraded,Acceptable,0
component:V,calibration,drop,Degraded,Degraded,0
component:V,calibration,drop,Degraded,Critical,0
component:V,calibration,drop,Critical,Favourable,0
component:V,calibration,drop,Critical,Acceptable,0
component:V,calibration,drop,Critical,Degraded,0
component:V,calibration,drop,Critical,Critical,0
component:V,calibration,favourable_value,Favourable,Favourable,260
component:V,calibration,favourable_value,Favourable,Acceptable,0
component:V,calibration,favourable_value,Favourable,Degraded,0
component:V,calibration,favourable_value,Favourable,Critical,0
component:V,calibration,favourable_value,Acceptable,Favourable,9
component:V,calibration,favourable_value,Acceptable,Acceptable,95
component:V,calibration,favourable_value,Acceptable,Degraded,0
component:V,calibration,favourable_value,Acceptable,Critical,0
component:V,calibration,favourable_value,Degraded,Favourable,4
component:V,calibration,favourable_value,Degraded,Acceptable,2
component:V,calibration,favourable_value,Degraded,Degraded,167
component:V,calibration,favourable_value,Degraded,Critical,0
component:V,calibration,favourable_value,Critical,Favourable,0
component:V,calibration,favourable_value,Critical,Acceptable,0
component:V,calibration,favourable_value,Critical,Degraded,0
component:V,calibration,favourable_value,Critical,Critical,303
component:V,calibration,locf,Favourable,Favourable,259
component:V,calibration,locf,Favourable,Acceptable,1
component:V,calibration,locf,Favourable,Degraded,0
component:V,calibration,locf,Favourable,Critical,0
component:V,calibration,locf,Acceptable,Favourable,0
component:V,calibration,locf,Acceptable,Acceptable,104
component:V,calibration,locf,Acceptable,Degraded,0
component:V,calibration,locf,Acceptable,Critical,0
component:V,calibration,locf,Degraded,Favourable,0
component:V,calibration,locf,Degraded,Acceptable,1
component:V,calibration,locf,Degraded,Degraded,172
component:V,calibration,locf,Degraded,Critical,0
component:V,calibration,locf,Critical,Favourable,0
component:V,calibration,locf,Critical,Acceptable,0
component:V,calibration,locf,Critical,Degraded,0
component:V,calibration,locf,Critical,Critical,303
component:V,calibration,mean_imputation,Favourable,Favourable,260
component:V,calibration,mean_imputation,Favourable,Acceptable,0
component:V,calibration,mean_imputation,Favourable,Degraded,0
component:V,calibration,mean_imputation,Favourable,Critical,0
component:V,calibration,mean_imputation,Acceptable,Favourable,9
component:V,calibration,mean_imputation,Acceptable,Acceptable,95
component:V,calibration,mean_imputation,Acceptable,Degraded,0
component:V,calibration,mean_imputation,Acceptable,Critical,0
component:V,calibration,mean_imputation,Degraded,Favourable,4
component:V,calibration,mean_imputation,Degraded,Acceptable,2
component:V,calibration,mean_imputation,Degraded,Degraded,167
component:V,calibration,mean_imputation,Degraded,Critical,0
component:V,calibration,mean_imputation,Critical,Favourable,0
component:V,calibration,mean_imputation,Critical,Acceptable,0
component:V,calibration,mean_imputation,Critical,Degraded,0
component:V,calibration,mean_imputation,Critical,Critical,303
component:V,calibration,proposed,Favourable,Favourable,260
component:V,calibration,proposed,Favourable,Acceptable,0
component:V,calibration,proposed,Favourable,Degraded,0
component:V,calibration,proposed,Favourable,Critical,0
component:V,calibration,proposed,Acceptable,Favourable,9
component:V,calibration,proposed,Acceptable,Acceptable,95
component:V,calibration,proposed,Acceptable,Degraded,0
component:V,calibration,proposed,Acceptable,Critical,0
component:V,calibration,proposed,Degraded,Favourable,4
component:V,calibration,proposed,Degraded,Acceptable,2
component:V,calibration,proposed,Degraded,Degraded,167
component:V,calibration,proposed,Degraded,Critical,0
component:V,calibration,proposed,Critical,Favourable,0
component:V,calibration,proposed,Critical,Acceptable,0
component:V,calibration,proposed,Critical,Degraded,0
component:V,calibration,proposed,Critical,Critical,303
component:V,validation,drop,Favourable,Favourable,0
component:V,validation,drop,Favourable,Acceptable,0
component:V,validation,drop,Favourable,Degraded,0
component:V,validation,drop,Favourable,Critical,0
component:V,validation,drop,Acceptable,Favourable,0
component:V,validation,drop,Acceptable,Acceptable,0
component:V,validation,drop,Acceptable,Degraded,0
component:V,validation,drop,Acceptable,Critical,0
component:V,validation,drop,Degraded,Favourable,0
component:V,validation,drop,Degraded,Acceptable,0
component:V,validation,drop,Degraded,Degraded,0
component:V,validation,drop,Degraded,Critical,0
component:V,validation,drop,Critical,Favourable,0
component:V,validation,drop,Critical,Acceptable,0
component:V,validation,drop,Critical,Degraded,0
component:V,validation,drop,Critical,Critical,0
component:V,validation,favourable_value,Favourable,Favourable,38
component:V,validation,favourable_value,Favourable,Acceptable,0
component:V,validation,favourable_value,Favourable,Degraded,0
component:V,validation,favourable_value,Favourable,Critical,0
component:V,validation,favourable_value,Acceptable,Favourable,8
component:V,validation,favourable_value,Acceptable,Acceptable,26
component:V,validation,favourable_value,Acceptable,Degraded,0
component:V,validation,favourable_value,Acceptable,Critical,0
component:V,validation,favourable_value,Degraded,Favourable,0
component:V,validation,favourable_value,Degraded,Acceptable,0
component:V,validation,favourable_value,Degraded,Degraded,68
component:V,validation,favourable_value,Degraded,Critical,0
component:V,validation,favourable_value,Critical,Favourable,0
component:V,validation,favourable_value,Critical,Acceptable,0
component:V,validation,favourable_value,Critical,Degraded,0
component:V,validation,favourable_value,Critical,Critical,220
component:V,validation,locf,Favourable,Favourable,38
component:V,validation,locf,Favourable,Acceptable,0
component:V,validation,locf,Favourable,Degraded,0
component:V,validation,locf,Favourable,Critical,0
component:V,validation,locf,Acceptable,Favourable,0
component:V,validation,locf,Acceptable,Acceptable,34
component:V,validation,locf,Acceptable,Degraded,0
component:V,validation,locf,Acceptable,Critical,0
component:V,validation,locf,Degraded,Favourable,0
component:V,validation,locf,Degraded,Acceptable,0
component:V,validation,locf,Degraded,Degraded,68
component:V,validation,locf,Degraded,Critical,0
component:V,validation,locf,Critical,Favourable,0
component:V,validation,locf,Critical,Acceptable,0
component:V,validation,locf,Critical,Degraded,0
component:V,validation,locf,Critical,Critical,220
component:V,validation,mean_imputation,Favourable,Favourable,38
component:V,validation,mean_imputation,Favourable,Acceptable,0
component:V,validation,mean_imputation,Favourable,Degraded,0
component:V,validation,mean_imputation,Favourable,Critical,0
component:V,validation,mean_imputation,Acceptable,Favourable,8
component:V,validation,mean_imputation,Acceptable,Acceptable,26
component:V,validation,mean_imputation,Acceptable,Degraded,0
component:V,validation,mean_imputation,Acceptable,Critical,0
component:V,validation,mean_imputation,Degraded,Favourable,0
component:V,validation,mean_imputation,Degraded,Acceptable,0
component:V,validation,mean_imputation,Degraded,Degraded,68
component:V,validation,mean_imputation,Degraded,Critical,0
component:V,validation,mean_imputation,Critical,Favourable,0
component:V,validation,mean_imputation,Critical,Acceptable,0
component:V,validation,mean_imputation,Critical,Degraded,0
component:V,validation,mean_imputation,Critical,Critical,220
component:V,validation,proposed,Favourable,Favourable,38
component:V,validation,proposed,Favourable,Acceptable,0
component:V,validation,proposed,Favourable,Degraded,0
component:V,validation,proposed,Favourable,Critical,0
component:V,validation,proposed,Acceptable,Favourable,8
component:V,validation,proposed,Acceptable,Acceptable,26
component:V,validation,proposed,Acceptable,Degraded,0
component:V,validation,proposed,Acceptable,Critical,0
component:V,validation,proposed,Degraded,Favourable,0
component:V,validation,proposed,Degraded,Acceptable,0
component:V,validation,proposed,Degraded,Degraded,68
component:V,validation,proposed,Degraded,Critical,0
component:V,validation,proposed,Critical,Favourable,0
component:V,validation,proposed,Critical,Acceptable,0
component:V,validation,proposed,Critical,Degraded,0
component:V,validation,proposed,Critical,Critical,220
direct_input:co2,calibration,drop,Favourable,Favourable,0
direct_input:co2,calibration,drop,Favourable,Acceptable,0
direct_input:co2,calibration,drop,Favourable,Degraded,0
direct_input:co2,calibration,drop,Favourable,Critical,0
direct_input:co2,calibration,drop,Acceptable,Favourable,0
direct_input:co2,calibration,drop,Acceptable,Acceptable,0
direct_input:co2,calibration,drop,Acceptable,Degraded,0
direct_input:co2,calibration,drop,Acceptable,Critical,0
direct_input:co2,calibration,drop,Degraded,Favourable,0
direct_input:co2,calibration,drop,Degraded,Acceptable,0
direct_input:co2,calibration,drop,Degraded,Degraded,0
direct_input:co2,calibration,drop,Degraded,Critical,0
direct_input:co2,calibration,drop,Critical,Favourable,0
direct_input:co2,calibration,drop,Critical,Acceptable,0
direct_input:co2,calibration,drop,Critical,Degraded,0
direct_input:co2,calibration,drop,Critical,Critical,0
direct_input:co2,calibration,favourable_value,Favourable,Favourable,260
direct_input:co2,calibration,favourable_value,Favourable,Acceptable,0
direct_input:co2,calibration,favourable_value,Favourable,Degraded,0
direct_input:co2,calibration,favourable_value,Favourable,Critical,0
direct_input:co2,calibration,favourable_value,Acceptable,Favourable,9
direct_input:co2,calibration,favourable_value,Acceptable,Acceptable,95
direct_input:co2,calibration,favourable_value,Acceptable,Degraded,0
direct_input:co2,calibration,favourable_value,Acceptable,Critical,0
direct_input:co2,calibration,favourable_value,Degraded,Favourable,4
direct_input:co2,calibration,favourable_value,Degraded,Acceptable,2
direct_input:co2,calibration,favourable_value,Degraded,Degraded,167
direct_input:co2,calibration,favourable_value,Degraded,Critical,0
direct_input:co2,calibration,favourable_value,Critical,Favourable,0
direct_input:co2,calibration,favourable_value,Critical,Acceptable,0
direct_input:co2,calibration,favourable_value,Critical,Degraded,0
direct_input:co2,calibration,favourable_value,Critical,Critical,303
direct_input:co2,calibration,locf,Favourable,Favourable,259
direct_input:co2,calibration,locf,Favourable,Acceptable,1
direct_input:co2,calibration,locf,Favourable,Degraded,0
direct_input:co2,calibration,locf,Favourable,Critical,0
direct_input:co2,calibration,locf,Acceptable,Favourable,0
direct_input:co2,calibration,locf,Acceptable,Acceptable,104
direct_input:co2,calibration,locf,Acceptable,Degraded,0
direct_input:co2,calibration,locf,Acceptable,Critical,0
direct_input:co2,calibration,locf,Degraded,Favourable,0
direct_input:co2,calibration,locf,Degraded,Acceptable,1
direct_input:co2,calibration,locf,Degraded,Degraded,172
direct_input:co2,calibration,locf,Degraded,Critical,0
direct_input:co2,calibration,locf,Critical,Favourable,0
direct_input:co2,calibration,locf,Critical,Acceptable,0
direct_input:co2,calibration,locf,Critical,Degraded,0
direct_input:co2,calibration,locf,Critical,Critical,303
direct_input:co2,calibration,mean_imputation,Favourable,Favourable,260
direct_input:co2,calibration,mean_imputation,Favourable,Acceptable,0
direct_input:co2,calibration,mean_imputation,Favourable,Degraded,0
direct_input:co2,calibration,mean_imputation,Favourable,Critical,0
direct_input:co2,calibration,mean_imputation,Acceptable,Favourable,9
direct_input:co2,calibration,mean_imputation,Acceptable,Acceptable,95
direct_input:co2,calibration,mean_imputation,Acceptable,Degraded,0
direct_input:co2,calibration,mean_imputation,Acceptable,Critical,0
direct_input:co2,calibration,mean_imputation,Degraded,Favourable,4
direct_input:co2,calibration,mean_imputation,Degraded,Acceptable,2
direct_input:co2,calibration,mean_imputation,Degraded,Degraded,167
direct_input:co2,calibration,mean_imputation,Degraded,Critical,0
direct_input:co2,calibration,mean_imputation,Critical,Favourable,0
direct_input:co2,calibration,mean_imputation,Critical,Acceptable,0
direct_input:co2,calibration,mean_imputation,Critical,Degraded,0
direct_input:co2,calibration,mean_imputation,Critical,Critical,303
direct_input:co2,calibration,proposed,Favourable,Favourable,260
direct_input:co2,calibration,proposed,Favourable,Acceptable,0
direct_input:co2,calibration,proposed,Favourable,Degraded,0
direct_input:co2,calibration,proposed,Favourable,Critical,0
direct_input:co2,calibration,proposed,Acceptable,Favourable,9
direct_input:co2,calibration,proposed,Acceptable,Acceptable,95
direct_input:co2,calibration,proposed,Acceptable,Degraded,0
direct_input:co2,calibration,proposed,Acceptable,Critical,0
direct_input:co2,calibration,proposed,Degraded,Favourable,4
direct_input:co2,calibration,proposed,Degraded,Acceptable,2
direct_input:co2,calibration,proposed,Degraded,Degraded,167
direct_input:co2,calibration,proposed,Degraded,Critical,0
direct_input:co2,calibration,proposed,Critical,Favourable,0
direct_input:co2,calibration,proposed,Critical,Acceptable,0
direct_input:co2,calibration,proposed,Critical,Degraded,0
direct_input:co2,calibration,proposed,Critical,Critical,303
direct_input:co2,validation,drop,Favourable,Favourable,0
direct_input:co2,validation,drop,Favourable,Acceptable,0
direct_input:co2,validation,drop,Favourable,Degraded,0
direct_input:co2,validation,drop,Favourable,Critical,0
direct_input:co2,validation,drop,Acceptable,Favourable,0
direct_input:co2,validation,drop,Acceptable,Acceptable,0
direct_input:co2,validation,drop,Acceptable,Degraded,0
direct_input:co2,validation,drop,Acceptable,Critical,0
direct_input:co2,validation,drop,Degraded,Favourable,0
direct_input:co2,validation,drop,Degraded,Acceptable,0
direct_input:co2,validation,drop,Degraded,Degraded,0
direct_input:co2,validation,drop,Degraded,Critical,0
direct_input:co2,validation,drop,Critical,Favourable,0
direct_input:co2,validation,drop,Critical,Acceptable,0
direct_input:co2,validation,drop,Critical,Degraded,0
direct_input:co2,validation,drop,Critical,Critical,0
direct_input:co2,validation,favourable_value,Favourable,Favourable,38
direct_input:co2,validation,favourable_value,Favourable,Acceptable,0
direct_input:co2,validation,favourable_value,Favourable,Degraded,0
direct_input:co2,validation,favourable_value,Favourable,Critical,0
direct_input:co2,validation,favourable_value,Acceptable,Favourable,8
direct_input:co2,validation,favourable_value,Acceptable,Acceptable,26
direct_input:co2,validation,favourable_value,Acceptable,Degraded,0
direct_input:co2,validation,favourable_value,Acceptable,Critical,0
direct_input:co2,validation,favourable_value,Degraded,Favourable,0
direct_input:co2,validation,favourable_value,Degraded,Acceptable,0
direct_input:co2,validation,favourable_value,Degraded,Degraded,68
direct_input:co2,validation,favourable_value,Degraded,Critical,0
direct_input:co2,validation,favourable_value,Critical,Favourable,0
direct_input:co2,validation,favourable_value,Critical,Acceptable,0
direct_input:co2,validation,favourable_value,Critical,Degraded,0
direct_input:co2,validation,favourable_value,Critical,Critical,220
direct_input:co2,validation,locf,Favourable,Favourable,38
direct_input:co2,validation,locf,Favourable,Acceptable,0
direct_input:co2,validation,locf,Favourable,Degraded,0
direct_input:co2,validation,locf,Favourable,Critical,0
direct_input:co2,validation,locf,Acceptable,Favourable,0
direct_input:co2,validation,locf,Acceptable,Acceptable,34
direct_input:co2,validation,locf,Acceptable,Degraded,0
direct_input:co2,validation,locf,Acceptable,Critical,0
direct_input:co2,validation,locf,Degraded,Favourable,0
direct_input:co2,validation,locf,Degraded,Acceptable,0
direct_input:co2,validation,locf,Degraded,Degraded,68
direct_input:co2,validation,locf,Degraded,Critical,0
direct_input:co2,validation,locf,Critical,Favourable,0
direct_input:co2,validation,locf,Critical,Acceptable,0
direct_input:co2,validation,locf,Critical,Degraded,0
direct_input:co2,validation,locf,Critical,Critical,220
direct_input:co2,validation,mean_imputation,Favourable,Favourable,38
direct_input:co2,validation,mean_imputation,Favourable,Acceptable,0
direct_input:co2,validation,mean_imputation,Favourable,Degraded,0
direct_input:co2,validation,mean_imputation,Favourable,Critical,0
direct_input:co2,validation,mean_imputation,Acceptable,Favourable,8
direct_input:co2,validation,mean_imputation,Acceptable,Acceptable,26
direct_input:co2,validation,mean_imputation,Acceptable,Degraded,0
direct_input:co2,validation,mean_imputation,Acceptable,Critical,0
direct_input:co2,validation,mean_imputation,Degraded,Favourable,0
direct_input:co2,validation,mean_imputation,Degraded,Acceptable,0
direct_input:co2,validation,mean_imputation,Degraded,Degraded,68
direct_input:co2,validation,mean_imputation,Degraded,Critical,0
direct_input:co2,validation,mean_imputation,Critical,Favourable,0
direct_input:co2,validation,mean_imputation,Critical,Acceptable,0
direct_input:co2,validation,mean_imputation,Critical,Degraded,0
direct_input:co2,validation,mean_imputation,Critical,Critical,220
direct_input:co2,validation,proposed,Favourable,Favourable,38
direct_input:co2,validation,proposed,Favourable,Acceptable,0
direct_input:co2,validation,proposed,Favourable,Degraded,0
direct_input:co2,validation,proposed,Favourable,Critical,0
direct_input:co2,validation,proposed,Acceptable,Favourable,8
direct_input:co2,validation,proposed,Acceptable,Acceptable,26
direct_input:co2,validation,proposed,Acceptable,Degraded,0
direct_input:co2,validation,proposed,Acceptable,Critical,0
direct_input:co2,validation,proposed,Degraded,Favourable,0
direct_input:co2,validation,proposed,Degraded,Acceptable,0
direct_input:co2,validation,proposed,Degraded,Degraded,68
direct_input:co2,validation,proposed,Degraded,Critical,0
direct_input:co2,validation,proposed,Critical,Favourable,0
direct_input:co2,validation,proposed,Critical,Acceptable,0
direct_input:co2,validation,proposed,Critical,Degraded,0
direct_input:co2,validation,proposed,Critical,Critical,220
direct_input:humidity,calibration,drop,Favourable,Favourable,0
direct_input:humidity,calibration,drop,Favourable,Acceptable,0
direct_input:humidity,calibration,drop,Favourable,Degraded,0
direct_input:humidity,calibration,drop,Favourable,Critical,0
direct_input:humidity,calibration,drop,Acceptable,Favourable,0
direct_input:humidity,calibration,drop,Acceptable,Acceptable,0
direct_input:humidity,calibration,drop,Acceptable,Degraded,0
direct_input:humidity,calibration,drop,Acceptable,Critical,0
direct_input:humidity,calibration,drop,Degraded,Favourable,0
direct_input:humidity,calibration,drop,Degraded,Acceptable,0
direct_input:humidity,calibration,drop,Degraded,Degraded,0
direct_input:humidity,calibration,drop,Degraded,Critical,0
direct_input:humidity,calibration,drop,Critical,Favourable,0
direct_input:humidity,calibration,drop,Critical,Acceptable,0
direct_input:humidity,calibration,drop,Critical,Degraded,0
direct_input:humidity,calibration,drop,Critical,Critical,0
direct_input:humidity,calibration,favourable_value,Favourable,Favourable,260
direct_input:humidity,calibration,favourable_value,Favourable,Acceptable,0
direct_input:humidity,calibration,favourable_value,Favourable,Degraded,0
direct_input:humidity,calibration,favourable_value,Favourable,Critical,0
direct_input:humidity,calibration,favourable_value,Acceptable,Favourable,36
direct_input:humidity,calibration,favourable_value,Acceptable,Acceptable,68
direct_input:humidity,calibration,favourable_value,Acceptable,Degraded,0
direct_input:humidity,calibration,favourable_value,Acceptable,Critical,0
direct_input:humidity,calibration,favourable_value,Degraded,Favourable,6
direct_input:humidity,calibration,favourable_value,Degraded,Acceptable,15
direct_input:humidity,calibration,favourable_value,Degraded,Degraded,152
direct_input:humidity,calibration,favourable_value,Degraded,Critical,0
direct_input:humidity,calibration,favourable_value,Critical,Favourable,1
direct_input:humidity,calibration,favourable_value,Critical,Acceptable,0
direct_input:humidity,calibration,favourable_value,Critical,Degraded,0
direct_input:humidity,calibration,favourable_value,Critical,Critical,302
direct_input:humidity,calibration,locf,Favourable,Favourable,258
direct_input:humidity,calibration,locf,Favourable,Acceptable,2
direct_input:humidity,calibration,locf,Favourable,Degraded,0
direct_input:humidity,calibration,locf,Favourable,Critical,0
direct_input:humidity,calibration,locf,Acceptable,Favourable,1
direct_input:humidity,calibration,locf,Acceptable,Acceptable,101
direct_input:humidity,calibration,locf,Acceptable,Degraded,2
direct_input:humidity,calibration,locf,Acceptable,Critical,0
direct_input:humidity,calibration,locf,Degraded,Favourable,0
direct_input:humidity,calibration,locf,Degraded,Acceptable,1
direct_input:humidity,calibration,locf,Degraded,Degraded,172
direct_input:humidity,calibration,locf,Degraded,Critical,0
direct_input:humidity,calibration,locf,Critical,Favourable,0
direct_input:humidity,calibration,locf,Critical,Acceptable,1
direct_input:humidity,calibration,locf,Critical,Degraded,0
direct_input:humidity,calibration,locf,Critical,Critical,302
direct_input:humidity,calibration,mean_imputation,Favourable,Favourable,260
direct_input:humidity,calibration,mean_imputation,Favourable,Acceptable,0
direct_input:humidity,calibration,mean_imputation,Favourable,Degraded,0
direct_input:humidity,calibration,mean_imputation,Favourable,Critical,0
direct_input:humidity,calibration,mean_imputation,Acceptable,Favourable,36
direct_input:humidity,calibration,mean_imputation,Acceptable,Acceptable,68
direct_input:humidity,calibration,mean_imputation,Acceptable,Degraded,0
direct_input:humidity,calibration,mean_imputation,Acceptable,Critical,0
direct_input:humidity,calibration,mean_imputation,Degraded,Favourable,6
direct_input:humidity,calibration,mean_imputation,Degraded,Acceptable,15
direct_input:humidity,calibration,mean_imputation,Degraded,Degraded,152
direct_input:humidity,calibration,mean_imputation,Degraded,Critical,0
direct_input:humidity,calibration,mean_imputation,Critical,Favourable,1
direct_input:humidity,calibration,mean_imputation,Critical,Acceptable,0
direct_input:humidity,calibration,mean_imputation,Critical,Degraded,0
direct_input:humidity,calibration,mean_imputation,Critical,Critical,302
direct_input:humidity,calibration,proposed,Favourable,Favourable,260
direct_input:humidity,calibration,proposed,Favourable,Acceptable,0
direct_input:humidity,calibration,proposed,Favourable,Degraded,0
direct_input:humidity,calibration,proposed,Favourable,Critical,0
direct_input:humidity,calibration,proposed,Acceptable,Favourable,78
direct_input:humidity,calibration,proposed,Acceptable,Acceptable,26
direct_input:humidity,calibration,proposed,Acceptable,Degraded,0
direct_input:humidity,calibration,proposed,Acceptable,Critical,0
direct_input:humidity,calibration,proposed,Degraded,Favourable,136
direct_input:humidity,calibration,proposed,Degraded,Acceptable,25
direct_input:humidity,calibration,proposed,Degraded,Degraded,12
direct_input:humidity,calibration,proposed,Degraded,Critical,0
direct_input:humidity,calibration,proposed,Critical,Favourable,225
direct_input:humidity,calibration,proposed,Critical,Acceptable,59
direct_input:humidity,calibration,proposed,Critical,Degraded,3
direct_input:humidity,calibration,proposed,Critical,Critical,16
direct_input:humidity,validation,drop,Favourable,Favourable,0
direct_input:humidity,validation,drop,Favourable,Acceptable,0
direct_input:humidity,validation,drop,Favourable,Degraded,0
direct_input:humidity,validation,drop,Favourable,Critical,0
direct_input:humidity,validation,drop,Acceptable,Favourable,0
direct_input:humidity,validation,drop,Acceptable,Acceptable,0
direct_input:humidity,validation,drop,Acceptable,Degraded,0
direct_input:humidity,validation,drop,Acceptable,Critical,0
direct_input:humidity,validation,drop,Degraded,Favourable,0
direct_input:humidity,validation,drop,Degraded,Acceptable,0
direct_input:humidity,validation,drop,Degraded,Degraded,0
direct_input:humidity,validation,drop,Degraded,Critical,0
direct_input:humidity,validation,drop,Critical,Favourable,0
direct_input:humidity,validation,drop,Critical,Acceptable,0
direct_input:humidity,validation,drop,Critical,Degraded,0
direct_input:humidity,validation,drop,Critical,Critical,0
direct_input:humidity,validation,favourable_value,Favourable,Favourable,38
direct_input:humidity,validation,favourable_value,Favourable,Acceptable,0
direct_input:humidity,validation,favourable_value,Favourable,Degraded,0
direct_input:humidity,validation,favourable_value,Favourable,Critical,0
direct_input:humidity,validation,favourable_value,Acceptable,Favourable,4
direct_input:humidity,validation,favourable_value,Acceptable,Acceptable,30
direct_input:humidity,validation,favourable_value,Acceptable,Degraded,0
direct_input:humidity,validation,favourable_value,Acceptable,Critical,0
direct_input:humidity,validation,favourable_value,Degraded,Favourable,0
direct_input:humidity,validation,favourable_value,Degraded,Acceptable,0
direct_input:humidity,validation,favourable_value,Degraded,Degraded,68
direct_input:humidity,validation,favourable_value,Degraded,Critical,0
direct_input:humidity,validation,favourable_value,Critical,Favourable,0
direct_input:humidity,validation,favourable_value,Critical,Acceptable,0
direct_input:humidity,validation,favourable_value,Critical,Degraded,0
direct_input:humidity,validation,favourable_value,Critical,Critical,220
direct_input:humidity,validation,locf,Favourable,Favourable,37
direct_input:humidity,validation,locf,Favourable,Acceptable,1
direct_input:humidity,validation,locf,Favourable,Degraded,0
direct_input:humidity,validation,locf,Favourable,Critical,0
direct_input:humidity,validation,locf,Acceptable,Favourable,1
direct_input:humidity,validation,locf,Acceptable,Acceptable,33
direct_input:humidity,validation,locf,Acceptable,Degraded,0
direct_input:humidity,validation,locf,Acceptable,Critical,0
direct_input:humidity,validation,locf,Degraded,Favourable,0
direct_input:humidity,validation,locf,Degraded,Acceptable,0
direct_input:humidity,validation,locf,Degraded,Degraded,68
direct_input:humidity,validation,locf,Degraded,Critical,0
direct_input:humidity,validation,locf,Critical,Favourable,0
direct_input:humidity,validation,locf,Critical,Acceptable,0
direct_input:humidity,validation,locf,Critical,Degraded,0
direct_input:humidity,validation,locf,Critical,Critical,220
direct_input:humidity,validation,mean_imputation,Favourable,Favourable,38
direct_input:humidity,validation,mean_imputation,Favourable,Acceptable,0
direct_input:humidity,validation,mean_imputation,Favourable,Degraded,0
direct_input:humidity,validation,mean_imputation,Favourable,Critical,0
direct_input:humidity,validation,mean_imputation,Acceptable,Favourable,4
direct_input:humidity,validation,mean_imputation,Acceptable,Acceptable,30
direct_input:humidity,validation,mean_imputation,Acceptable,Degraded,0
direct_input:humidity,validation,mean_imputation,Acceptable,Critical,0
direct_input:humidity,validation,mean_imputation,Degraded,Favourable,0
direct_input:humidity,validation,mean_imputation,Degraded,Acceptable,0
direct_input:humidity,validation,mean_imputation,Degraded,Degraded,68
direct_input:humidity,validation,mean_imputation,Degraded,Critical,0
direct_input:humidity,validation,mean_imputation,Critical,Favourable,0
direct_input:humidity,validation,mean_imputation,Critical,Acceptable,0
direct_input:humidity,validation,mean_imputation,Critical,Degraded,0
direct_input:humidity,validation,mean_imputation,Critical,Critical,220
direct_input:humidity,validation,proposed,Favourable,Favourable,38
direct_input:humidity,validation,proposed,Favourable,Acceptable,0
direct_input:humidity,validation,proposed,Favourable,Degraded,0
direct_input:humidity,validation,proposed,Favourable,Critical,0
direct_input:humidity,validation,proposed,Acceptable,Favourable,23
direct_input:humidity,validation,proposed,Acceptable,Acceptable,11
direct_input:humidity,validation,proposed,Acceptable,Degraded,0
direct_input:humidity,validation,proposed,Acceptable,Critical,0
direct_input:humidity,validation,proposed,Degraded,Favourable,51
direct_input:humidity,validation,proposed,Degraded,Acceptable,16
direct_input:humidity,validation,proposed,Degraded,Degraded,1
direct_input:humidity,validation,proposed,Degraded,Critical,0
direct_input:humidity,validation,proposed,Critical,Favourable,118
direct_input:humidity,validation,proposed,Critical,Acceptable,59
direct_input:humidity,validation,proposed,Critical,Degraded,19
direct_input:humidity,validation,proposed,Critical,Critical,24
direct_input:pm10,calibration,drop,Favourable,Favourable,0
direct_input:pm10,calibration,drop,Favourable,Acceptable,0
direct_input:pm10,calibration,drop,Favourable,Degraded,0
direct_input:pm10,calibration,drop,Favourable,Critical,0
direct_input:pm10,calibration,drop,Acceptable,Favourable,0
direct_input:pm10,calibration,drop,Acceptable,Acceptable,0
direct_input:pm10,calibration,drop,Acceptable,Degraded,0
direct_input:pm10,calibration,drop,Acceptable,Critical,0
direct_input:pm10,calibration,drop,Degraded,Favourable,0
direct_input:pm10,calibration,drop,Degraded,Acceptable,0
direct_input:pm10,calibration,drop,Degraded,Degraded,0
direct_input:pm10,calibration,drop,Degraded,Critical,0
direct_input:pm10,calibration,drop,Critical,Favourable,0
direct_input:pm10,calibration,drop,Critical,Acceptable,0
direct_input:pm10,calibration,drop,Critical,Degraded,0
direct_input:pm10,calibration,drop,Critical,Critical,0
direct_input:pm10,calibration,favourable_value,Favourable,Favourable,260
direct_input:pm10,calibration,favourable_value,Favourable,Acceptable,0
direct_input:pm10,calibration,favourable_value,Favourable,Degraded,0
direct_input:pm10,calibration,favourable_value,Favourable,Critical,0
direct_input:pm10,calibration,favourable_value,Acceptable,Favourable,0
direct_input:pm10,calibration,favourable_value,Acceptable,Acceptable,104
direct_input:pm10,calibration,favourable_value,Acceptable,Degraded,0
direct_input:pm10,calibration,favourable_value,Acceptable,Critical,0
direct_input:pm10,calibration,favourable_value,Degraded,Favourable,0
direct_input:pm10,calibration,favourable_value,Degraded,Acceptable,0
direct_input:pm10,calibration,favourable_value,Degraded,Degraded,173
direct_input:pm10,calibration,favourable_value,Degraded,Critical,0
direct_input:pm10,calibration,favourable_value,Critical,Favourable,0
direct_input:pm10,calibration,favourable_value,Critical,Acceptable,0
direct_input:pm10,calibration,favourable_value,Critical,Degraded,0
direct_input:pm10,calibration,favourable_value,Critical,Critical,303
direct_input:pm10,calibration,locf,Favourable,Favourable,260
direct_input:pm10,calibration,locf,Favourable,Acceptable,0
direct_input:pm10,calibration,locf,Favourable,Degraded,0
direct_input:pm10,calibration,locf,Favourable,Critical,0
direct_input:pm10,calibration,locf,Acceptable,Favourable,0
direct_input:pm10,calibration,locf,Acceptable,Acceptable,104
direct_input:pm10,calibration,locf,Acceptable,Degraded,0
direct_input:pm10,calibration,locf,Acceptable,Critical,0
direct_input:pm10,calibration,locf,Degraded,Favourable,0
direct_input:pm10,calibration,locf,Degraded,Acceptable,0
direct_input:pm10,calibration,locf,Degraded,Degraded,173
direct_input:pm10,calibration,locf,Degraded,Critical,0
direct_input:pm10,calibration,locf,Critical,Favourable,0
direct_input:pm10,calibration,locf,Critical,Acceptable,0
direct_input:pm10,calibration,locf,Critical,Degraded,0
direct_input:pm10,calibration,locf,Critical,Critical,303
direct_input:pm10,calibration,mean_imputation,Favourable,Favourable,260
direct_input:pm10,calibration,mean_imputation,Favourable,Acceptable,0
direct_input:pm10,calibration,mean_imputation,Favourable,Degraded,0
direct_input:pm10,calibration,mean_imputation,Favourable,Critical,0
direct_input:pm10,calibration,mean_imputation,Acceptable,Favourable,0
direct_input:pm10,calibration,mean_imputation,Acceptable,Acceptable,104
direct_input:pm10,calibration,mean_imputation,Acceptable,Degraded,0
direct_input:pm10,calibration,mean_imputation,Acceptable,Critical,0
direct_input:pm10,calibration,mean_imputation,Degraded,Favourable,0
direct_input:pm10,calibration,mean_imputation,Degraded,Acceptable,0
direct_input:pm10,calibration,mean_imputation,Degraded,Degraded,173
direct_input:pm10,calibration,mean_imputation,Degraded,Critical,0
direct_input:pm10,calibration,mean_imputation,Critical,Favourable,0
direct_input:pm10,calibration,mean_imputation,Critical,Acceptable,0
direct_input:pm10,calibration,mean_imputation,Critical,Degraded,0
direct_input:pm10,calibration,mean_imputation,Critical,Critical,303
direct_input:pm10,calibration,proposed,Favourable,Favourable,260
direct_input:pm10,calibration,proposed,Favourable,Acceptable,0
direct_input:pm10,calibration,proposed,Favourable,Degraded,0
direct_input:pm10,calibration,proposed,Favourable,Critical,0
direct_input:pm10,calibration,proposed,Acceptable,Favourable,1
direct_input:pm10,calibration,proposed,Acceptable,Acceptable,103
direct_input:pm10,calibration,proposed,Acceptable,Degraded,0
direct_input:pm10,calibration,proposed,Acceptable,Critical,0
direct_input:pm10,calibration,proposed,Degraded,Favourable,4
direct_input:pm10,calibration,proposed,Degraded,Acceptable,0
direct_input:pm10,calibration,proposed,Degraded,Degraded,169
direct_input:pm10,calibration,proposed,Degraded,Critical,0
direct_input:pm10,calibration,proposed,Critical,Favourable,2
direct_input:pm10,calibration,proposed,Critical,Acceptable,1
direct_input:pm10,calibration,proposed,Critical,Degraded,7
direct_input:pm10,calibration,proposed,Critical,Critical,293
direct_input:pm10,validation,drop,Favourable,Favourable,0
direct_input:pm10,validation,drop,Favourable,Acceptable,0
direct_input:pm10,validation,drop,Favourable,Degraded,0
direct_input:pm10,validation,drop,Favourable,Critical,0
direct_input:pm10,validation,drop,Acceptable,Favourable,0
direct_input:pm10,validation,drop,Acceptable,Acceptable,0
direct_input:pm10,validation,drop,Acceptable,Degraded,0
direct_input:pm10,validation,drop,Acceptable,Critical,0
direct_input:pm10,validation,drop,Degraded,Favourable,0
direct_input:pm10,validation,drop,Degraded,Acceptable,0
direct_input:pm10,validation,drop,Degraded,Degraded,0
direct_input:pm10,validation,drop,Degraded,Critical,0
direct_input:pm10,validation,drop,Critical,Favourable,0
direct_input:pm10,validation,drop,Critical,Acceptable,0
direct_input:pm10,validation,drop,Critical,Degraded,0
direct_input:pm10,validation,drop,Critical,Critical,0
direct_input:pm10,validation,favourable_value,Favourable,Favourable,38
direct_input:pm10,validation,favourable_value,Favourable,Acceptable,0
direct_input:pm10,validation,favourable_value,Favourable,Degraded,0
direct_input:pm10,validation,favourable_value,Favourable,Critical,0
direct_input:pm10,validation,favourable_value,Acceptable,Favourable,0
direct_input:pm10,validation,favourable_value,Acceptable,Acceptable,34
direct_input:pm10,validation,favourable_value,Acceptable,Degraded,0
direct_input:pm10,validation,favourable_value,Acceptable,Critical,0
direct_input:pm10,validation,favourable_value,Degraded,Favourable,0
direct_input:pm10,validation,favourable_value,Degraded,Acceptable,0
direct_input:pm10,validation,favourable_value,Degraded,Degraded,68
direct_input:pm10,validation,favourable_value,Degraded,Critical,0
direct_input:pm10,validation,favourable_value,Critical,Favourable,0
direct_input:pm10,validation,favourable_value,Critical,Acceptable,0
direct_input:pm10,validation,favourable_value,Critical,Degraded,0
direct_input:pm10,validation,favourable_value,Critical,Critical,220
direct_input:pm10,validation,locf,Favourable,Favourable,38
direct_input:pm10,validation,locf,Favourable,Acceptable,0
direct_input:pm10,validation,locf,Favourable,Degraded,0
direct_input:pm10,validation,locf,Favourable,Critical,0
direct_input:pm10,validation,locf,Acceptable,Favourable,0
direct_input:pm10,validation,locf,Acceptable,Acceptable,34
direct_input:pm10,validation,locf,Acceptable,Degraded,0
direct_input:pm10,validation,locf,Acceptable,Critical,0
direct_input:pm10,validation,locf,Degraded,Favourable,0
direct_input:pm10,validation,locf,Degraded,Acceptable,0
direct_input:pm10,validation,locf,Degraded,Degraded,68
direct_input:pm10,validation,locf,Degraded,Critical,0
direct_input:pm10,validation,locf,Critical,Favourable,0
direct_input:pm10,validation,locf,Critical,Acceptable,0
direct_input:pm10,validation,locf,Critical,Degraded,0
direct_input:pm10,validation,locf,Critical,Critical,220
direct_input:pm10,validation,mean_imputation,Favourable,Favourable,38
direct_input:pm10,validation,mean_imputation,Favourable,Acceptable,0
direct_input:pm10,validation,mean_imputation,Favourable,Degraded,0
direct_input:pm10,validation,mean_imputation,Favourable,Critical,0
direct_input:pm10,validation,mean_imputation,Acceptable,Favourable,0
direct_input:pm10,validation,mean_imputation,Acceptable,Acceptable,34
direct_input:pm10,validation,mean_imputation,Acceptable,Degraded,0
direct_input:pm10,validation,mean_imputation,Acceptable,Critical,0
direct_input:pm10,validation,mean_imputation,Degraded,Favourable,0
direct_input:pm10,validation,mean_imputation,Degraded,Acceptable,0
direct_input:pm10,validation,mean_imputation,Degraded,Degraded,68
direct_input:pm10,validation,mean_imputation,Degraded,Critical,0
direct_input:pm10,validation,mean_imputation,Critical,Favourable,0
direct_input:pm10,validation,mean_imputation,Critical,Acceptable,0
direct_input:pm10,validation,mean_imputation,Critical,Degraded,0
direct_input:pm10,validation,mean_imputation,Critical,Critical,220
direct_input:pm10,validation,proposed,Favourable,Favourable,38
direct_input:pm10,validation,proposed,Favourable,Acceptable,0
direct_input:pm10,validation,proposed,Favourable,Degraded,0
direct_input:pm10,validation,proposed,Favourable,Critical,0
direct_input:pm10,validation,proposed,Acceptable,Favourable,0
direct_input:pm10,validation,proposed,Acceptable,Acceptable,34
direct_input:pm10,validation,proposed,Acceptable,Degraded,0
direct_input:pm10,validation,proposed,Acceptable,Critical,0
direct_input:pm10,validation,proposed,Degraded,Favourable,0
direct_input:pm10,validation,proposed,Degraded,Acceptable,0
direct_input:pm10,validation,proposed,Degraded,Degraded,68
direct_input:pm10,validation,proposed,Degraded,Critical,0
direct_input:pm10,validation,proposed,Critical,Favourable,0
direct_input:pm10,validation,proposed,Critical,Acceptable,0
direct_input:pm10,validation,proposed,Critical,Degraded,0
direct_input:pm10,validation,proposed,Critical,Critical,220
direct_input:pm2_5,calibration,drop,Favourable,Favourable,0
direct_input:pm2_5,calibration,drop,Favourable,Acceptable,0
direct_input:pm2_5,calibration,drop,Favourable,Degraded,0
direct_input:pm2_5,calibration,drop,Favourable,Critical,0
direct_input:pm2_5,calibration,drop,Acceptable,Favourable,0
direct_input:pm2_5,calibration,drop,Acceptable,Acceptable,0
direct_input:pm2_5,calibration,drop,Acceptable,Degraded,0
direct_input:pm2_5,calibration,drop,Acceptable,Critical,0
direct_input:pm2_5,calibration,drop,Degraded,Favourable,0
direct_input:pm2_5,calibration,drop,Degraded,Acceptable,0
direct_input:pm2_5,calibration,drop,Degraded,Degraded,0
direct_input:pm2_5,calibration,drop,Degraded,Critical,0
direct_input:pm2_5,calibration,drop,Critical,Favourable,0
direct_input:pm2_5,calibration,drop,Critical,Acceptable,0
direct_input:pm2_5,calibration,drop,Critical,Degraded,0
direct_input:pm2_5,calibration,drop,Critical,Critical,0
direct_input:pm2_5,calibration,favourable_value,Favourable,Favourable,260
direct_input:pm2_5,calibration,favourable_value,Favourable,Acceptable,0
direct_input:pm2_5,calibration,favourable_value,Favourable,Degraded,0
direct_input:pm2_5,calibration,favourable_value,Favourable,Critical,0
direct_input:pm2_5,calibration,favourable_value,Acceptable,Favourable,1
direct_input:pm2_5,calibration,favourable_value,Acceptable,Acceptable,103
direct_input:pm2_5,calibration,favourable_value,Acceptable,Degraded,0
direct_input:pm2_5,calibration,favourable_value,Acceptable,Critical,0
direct_input:pm2_5,calibration,favourable_value,Degraded,Favourable,3
direct_input:pm2_5,calibration,favourable_value,Degraded,Acceptable,1
direct_input:pm2_5,calibration,favourable_value,Degraded,Degraded,169
direct_input:pm2_5,calibration,favourable_value,Degraded,Critical,0
direct_input:pm2_5,calibration,favourable_value,Critical,Favourable,0
direct_input:pm2_5,calibration,favourable_value,Critical,Acceptable,0
direct_input:pm2_5,calibration,favourable_value,Critical,Degraded,3
direct_input:pm2_5,calibration,favourable_value,Critical,Critical,300
direct_input:pm2_5,calibration,locf,Favourable,Favourable,259
direct_input:pm2_5,calibration,locf,Favourable,Acceptable,1
direct_input:pm2_5,calibration,locf,Favourable,Degraded,0
direct_input:pm2_5,calibration,locf,Favourable,Critical,0
direct_input:pm2_5,calibration,locf,Acceptable,Favourable,0
direct_input:pm2_5,calibration,locf,Acceptable,Acceptable,103
direct_input:pm2_5,calibration,locf,Acceptable,Degraded,1
direct_input:pm2_5,calibration,locf,Acceptable,Critical,0
direct_input:pm2_5,calibration,locf,Degraded,Favourable,0
direct_input:pm2_5,calibration,locf,Degraded,Acceptable,0
direct_input:pm2_5,calibration,locf,Degraded,Degraded,171
direct_input:pm2_5,calibration,locf,Degraded,Critical,2
direct_input:pm2_5,calibration,locf,Critical,Favourable,0
direct_input:pm2_5,calibration,locf,Critical,Acceptable,0
direct_input:pm2_5,calibration,locf,Critical,Degraded,0
direct_input:pm2_5,calibration,locf,Critical,Critical,303
direct_input:pm2_5,calibration,mean_imputation,Favourable,Favourable,260
direct_input:pm2_5,calibration,mean_imputation,Favourable,Acceptable,0
direct_input:pm2_5,calibration,mean_imputation,Favourable,Degraded,0
direct_input:pm2_5,calibration,mean_imputation,Favourable,Critical,0
direct_input:pm2_5,calibration,mean_imputation,Acceptable,Favourable,1
direct_input:pm2_5,calibration,mean_imputation,Acceptable,Acceptable,103
direct_input:pm2_5,calibration,mean_imputation,Acceptable,Degraded,0
direct_input:pm2_5,calibration,mean_imputation,Acceptable,Critical,0
direct_input:pm2_5,calibration,mean_imputation,Degraded,Favourable,3
direct_input:pm2_5,calibration,mean_imputation,Degraded,Acceptable,1
direct_input:pm2_5,calibration,mean_imputation,Degraded,Degraded,169
direct_input:pm2_5,calibration,mean_imputation,Degraded,Critical,0
direct_input:pm2_5,calibration,mean_imputation,Critical,Favourable,0
direct_input:pm2_5,calibration,mean_imputation,Critical,Acceptable,0
direct_input:pm2_5,calibration,mean_imputation,Critical,Degraded,3
direct_input:pm2_5,calibration,mean_imputation,Critical,Critical,300
direct_input:pm2_5,calibration,proposed,Favourable,Favourable,260
direct_input:pm2_5,calibration,proposed,Favourable,Acceptable,0
direct_input:pm2_5,calibration,proposed,Favourable,Degraded,0
direct_input:pm2_5,calibration,proposed,Favourable,Critical,0
direct_input:pm2_5,calibration,proposed,Acceptable,Favourable,1
direct_input:pm2_5,calibration,proposed,Acceptable,Acceptable,103
direct_input:pm2_5,calibration,proposed,Acceptable,Degraded,0
direct_input:pm2_5,calibration,proposed,Acceptable,Critical,0
direct_input:pm2_5,calibration,proposed,Degraded,Favourable,4
direct_input:pm2_5,calibration,proposed,Degraded,Acceptable,0
direct_input:pm2_5,calibration,proposed,Degraded,Degraded,169
direct_input:pm2_5,calibration,proposed,Degraded,Critical,0
direct_input:pm2_5,calibration,proposed,Critical,Favourable,2
direct_input:pm2_5,calibration,proposed,Critical,Acceptable,1
direct_input:pm2_5,calibration,proposed,Critical,Degraded,7
direct_input:pm2_5,calibration,proposed,Critical,Critical,293
direct_input:pm2_5,validation,drop,Favourable,Favourable,0
direct_input:pm2_5,validation,drop,Favourable,Acceptable,0
direct_input:pm2_5,validation,drop,Favourable,Degraded,0
direct_input:pm2_5,validation,drop,Favourable,Critical,0
direct_input:pm2_5,validation,drop,Acceptable,Favourable,0
direct_input:pm2_5,validation,drop,Acceptable,Acceptable,0
direct_input:pm2_5,validation,drop,Acceptable,Degraded,0
direct_input:pm2_5,validation,drop,Acceptable,Critical,0
direct_input:pm2_5,validation,drop,Degraded,Favourable,0
direct_input:pm2_5,validation,drop,Degraded,Acceptable,0
direct_input:pm2_5,validation,drop,Degraded,Degraded,0
direct_input:pm2_5,validation,drop,Degraded,Critical,0
direct_input:pm2_5,validation,drop,Critical,Favourable,0
direct_input:pm2_5,validation,drop,Critical,Acceptable,0
direct_input:pm2_5,validation,drop,Critical,Degraded,0
direct_input:pm2_5,validation,drop,Critical,Critical,0
direct_input:pm2_5,validation,favourable_value,Favourable,Favourable,38
direct_input:pm2_5,validation,favourable_value,Favourable,Acceptable,0
direct_input:pm2_5,validation,favourable_value,Favourable,Degraded,0
direct_input:pm2_5,validation,favourable_value,Favourable,Critical,0
direct_input:pm2_5,validation,favourable_value,Acceptable,Favourable,0
direct_input:pm2_5,validation,favourable_value,Acceptable,Acceptable,34
direct_input:pm2_5,validation,favourable_value,Acceptable,Degraded,0
direct_input:pm2_5,validation,favourable_value,Acceptable,Critical,0
direct_input:pm2_5,validation,favourable_value,Degraded,Favourable,0
direct_input:pm2_5,validation,favourable_value,Degraded,Acceptable,0
direct_input:pm2_5,validation,favourable_value,Degraded,Degraded,68
direct_input:pm2_5,validation,favourable_value,Degraded,Critical,0
direct_input:pm2_5,validation,favourable_value,Critical,Favourable,0
direct_input:pm2_5,validation,favourable_value,Critical,Acceptable,0
direct_input:pm2_5,validation,favourable_value,Critical,Degraded,0
direct_input:pm2_5,validation,favourable_value,Critical,Critical,220
direct_input:pm2_5,validation,locf,Favourable,Favourable,38
direct_input:pm2_5,validation,locf,Favourable,Acceptable,0
direct_input:pm2_5,validation,locf,Favourable,Degraded,0
direct_input:pm2_5,validation,locf,Favourable,Critical,0
direct_input:pm2_5,validation,locf,Acceptable,Favourable,0
direct_input:pm2_5,validation,locf,Acceptable,Acceptable,34
direct_input:pm2_5,validation,locf,Acceptable,Degraded,0
direct_input:pm2_5,validation,locf,Acceptable,Critical,0
direct_input:pm2_5,validation,locf,Degraded,Favourable,0
direct_input:pm2_5,validation,locf,Degraded,Acceptable,0
direct_input:pm2_5,validation,locf,Degraded,Degraded,68
direct_input:pm2_5,validation,locf,Degraded,Critical,0
direct_input:pm2_5,validation,locf,Critical,Favourable,0
direct_input:pm2_5,validation,locf,Critical,Acceptable,0
direct_input:pm2_5,validation,locf,Critical,Degraded,0
direct_input:pm2_5,validation,locf,Critical,Critical,220
direct_input:pm2_5,validation,mean_imputation,Favourable,Favourable,38
direct_input:pm2_5,validation,mean_imputation,Favourable,Acceptable,0
direct_input:pm2_5,validation,mean_imputation,Favourable,Degraded,0
direct_input:pm2_5,validation,mean_imputation,Favourable,Critical,0
direct_input:pm2_5,validation,mean_imputation,Acceptable,Favourable,0
direct_input:pm2_5,validation,mean_imputation,Acceptable,Acceptable,34
direct_input:pm2_5,validation,mean_imputation,Acceptable,Degraded,0
direct_input:pm2_5,validation,mean_imputation,Acceptable,Critical,0
direct_input:pm2_5,validation,mean_imputation,Degraded,Favourable,0
direct_input:pm2_5,validation,mean_imputation,Degraded,Acceptable,0
direct_input:pm2_5,validation,mean_imputation,Degraded,Degraded,68
direct_input:pm2_5,validation,mean_imputation,Degraded,Critical,0
direct_input:pm2_5,validation,mean_imputation,Critical,Favourable,0
direct_input:pm2_5,validation,mean_imputation,Critical,Acceptable,0
direct_input:pm2_5,validation,mean_imputation,Critical,Degraded,0
direct_input:pm2_5,validation,mean_imputation,Critical,Critical,220
direct_input:pm2_5,validation,proposed,Favourable,Favourable,38
direct_input:pm2_5,validation,proposed,Favourable,Acceptable,0
direct_input:pm2_5,validation,proposed,Favourable,Degraded,0
direct_input:pm2_5,validation,proposed,Favourable,Critical,0
direct_input:pm2_5,validation,proposed,Acceptable,Favourable,0
direct_input:pm2_5,validation,proposed,Acceptable,Acceptable,34
direct_input:pm2_5,validation,proposed,Acceptable,Degraded,0
direct_input:pm2_5,validation,proposed,Acceptable,Critical,0
direct_input:pm2_5,validation,proposed,Degraded,Favourable,0
direct_input:pm2_5,validation,proposed,Degraded,Acceptable,0
direct_input:pm2_5,validation,proposed,Degraded,Degraded,68
direct_input:pm2_5,validation,proposed,Degraded,Critical,0
direct_input:pm2_5,validation,proposed,Critical,Favourable,0
direct_input:pm2_5,validation,proposed,Critical,Acceptable,0
direct_input:pm2_5,validation,proposed,Critical,Degraded,0
direct_input:pm2_5,validation,proposed,Critical,Critical,220
direct_input:temperature,calibration,drop,Favourable,Favourable,0
direct_input:temperature,calibration,drop,Favourable,Acceptable,0
direct_input:temperature,calibration,drop,Favourable,Degraded,0
direct_input:temperature,calibration,drop,Favourable,Critical,0
direct_input:temperature,calibration,drop,Acceptable,Favourable,0
direct_input:temperature,calibration,drop,Acceptable,Acceptable,0
direct_input:temperature,calibration,drop,Acceptable,Degraded,0
direct_input:temperature,calibration,drop,Acceptable,Critical,0
direct_input:temperature,calibration,drop,Degraded,Favourable,0
direct_input:temperature,calibration,drop,Degraded,Acceptable,0
direct_input:temperature,calibration,drop,Degraded,Degraded,0
direct_input:temperature,calibration,drop,Degraded,Critical,0
direct_input:temperature,calibration,drop,Critical,Favourable,0
direct_input:temperature,calibration,drop,Critical,Acceptable,0
direct_input:temperature,calibration,drop,Critical,Degraded,0
direct_input:temperature,calibration,drop,Critical,Critical,0
direct_input:temperature,calibration,favourable_value,Favourable,Favourable,260
direct_input:temperature,calibration,favourable_value,Favourable,Acceptable,0
direct_input:temperature,calibration,favourable_value,Favourable,Degraded,0
direct_input:temperature,calibration,favourable_value,Favourable,Critical,0
direct_input:temperature,calibration,favourable_value,Acceptable,Favourable,30
direct_input:temperature,calibration,favourable_value,Acceptable,Acceptable,74
direct_input:temperature,calibration,favourable_value,Acceptable,Degraded,0
direct_input:temperature,calibration,favourable_value,Acceptable,Critical,0
direct_input:temperature,calibration,favourable_value,Degraded,Favourable,100
direct_input:temperature,calibration,favourable_value,Degraded,Acceptable,40
direct_input:temperature,calibration,favourable_value,Degraded,Degraded,33
direct_input:temperature,calibration,favourable_value,Degraded,Critical,0
direct_input:temperature,calibration,favourable_value,Critical,Favourable,205
direct_input:temperature,calibration,favourable_value,Critical,Acceptable,78
direct_input:temperature,calibration,favourable_value,Critical,Degraded,3
direct_input:temperature,calibration,favourable_value,Critical,Critical,17
direct_input:temperature,calibration,locf,Favourable,Favourable,260
direct_input:temperature,calibration,locf,Favourable,Acceptable,0
direct_input:temperature,calibration,locf,Favourable,Degraded,0
direct_input:temperature,calibration,locf,Favourable,Critical,0
direct_input:temperature,calibration,locf,Acceptable,Favourable,0
direct_input:temperature,calibration,locf,Acceptable,Acceptable,104
direct_input:temperature,calibration,locf,Acceptable,Degraded,0
direct_input:temperature,calibration,locf,Acceptable,Critical,0
direct_input:temperature,calibration,locf,Degraded,Favourable,2
direct_input:temperature,calibration,locf,Degraded,Acceptable,5
direct_input:temperature,calibration,locf,Degraded,Degraded,164
direct_input:temperature,calibration,locf,Degraded,Critical,2
direct_input:temperature,calibration,locf,Critical,Favourable,1
direct_input:temperature,calibration,locf,Critical,Acceptable,1
direct_input:temperature,calibration,locf,Critical,Degraded,1
direct_input:temperature,calibration,locf,Critical,Critical,300
direct_input:temperature,calibration,mean_imputation,Favourable,Favourable,0
direct_input:temperature,calibration,mean_imputation,Favourable,Acceptable,0
direct_input:temperature,calibration,mean_imputation,Favourable,Degraded,260
direct_input:temperature,calibration,mean_imputation,Favourable,Critical,0
direct_input:temperature,calibration,mean_imputation,Acceptable,Favourable,0
direct_input:temperature,calibration,mean_imputation,Acceptable,Acceptable,0
direct_input:temperature,calibration,mean_imputation,Acceptable,Degraded,104
direct_input:temperature,calibration,mean_imputation,Acceptable,Critical,0
direct_input:temperature,calibration,mean_imputation,Degraded,Favourable,0
direct_input:temperature,calibration,mean_imputation,Degraded,Acceptable,0
direct_input:temperature,calibration,mean_imputation,Degraded,Degraded,173
direct_input:temperature,calibration,mean_imputation,Degraded,Critical,0
direct_input:temperature,calibration,mean_imputation,Critical,Favourable,0
direct_input:temperature,calibration,mean_imputation,Critical,Acceptable,0
direct_input:temperature,calibration,mean_imputation,Critical,Degraded,286
direct_input:temperature,calibration,mean_imputation,Critical,Critical,17
direct_input:temperature,calibration,proposed,Favourable,Favourable,260
direct_input:temperature,calibration,proposed,Favourable,Acceptable,0
direct_input:temperature,calibration,proposed,Favourable,Degraded,0
direct_input:temperature,calibration,proposed,Favourable,Critical,0
direct_input:temperature,calibration,proposed,Acceptable,Favourable,78
direct_input:temperature,calibration,proposed,Acceptable,Acceptable,26
direct_input:temperature,calibration,proposed,Acceptable,Degraded,0
direct_input:temperature,calibration,proposed,Acceptable,Critical,0
direct_input:temperature,calibration,proposed,Degraded,Favourable,136
direct_input:temperature,calibration,proposed,Degraded,Acceptable,25
direct_input:temperature,calibration,proposed,Degraded,Degraded,12
direct_input:temperature,calibration,proposed,Degraded,Critical,0
direct_input:temperature,calibration,proposed,Critical,Favourable,225
direct_input:temperature,calibration,proposed,Critical,Acceptable,59
direct_input:temperature,calibration,proposed,Critical,Degraded,3
direct_input:temperature,calibration,proposed,Critical,Critical,16
direct_input:temperature,validation,drop,Favourable,Favourable,0
direct_input:temperature,validation,drop,Favourable,Acceptable,0
direct_input:temperature,validation,drop,Favourable,Degraded,0
direct_input:temperature,validation,drop,Favourable,Critical,0
direct_input:temperature,validation,drop,Acceptable,Favourable,0
direct_input:temperature,validation,drop,Acceptable,Acceptable,0
direct_input:temperature,validation,drop,Acceptable,Degraded,0
direct_input:temperature,validation,drop,Acceptable,Critical,0
direct_input:temperature,validation,drop,Degraded,Favourable,0
direct_input:temperature,validation,drop,Degraded,Acceptable,0
direct_input:temperature,validation,drop,Degraded,Degraded,0
direct_input:temperature,validation,drop,Degraded,Critical,0
direct_input:temperature,validation,drop,Critical,Favourable,0
direct_input:temperature,validation,drop,Critical,Acceptable,0
direct_input:temperature,validation,drop,Critical,Degraded,0
direct_input:temperature,validation,drop,Critical,Critical,0
direct_input:temperature,validation,favourable_value,Favourable,Favourable,38
direct_input:temperature,validation,favourable_value,Favourable,Acceptable,0
direct_input:temperature,validation,favourable_value,Favourable,Degraded,0
direct_input:temperature,validation,favourable_value,Favourable,Critical,0
direct_input:temperature,validation,favourable_value,Acceptable,Favourable,18
direct_input:temperature,validation,favourable_value,Acceptable,Acceptable,16
direct_input:temperature,validation,favourable_value,Acceptable,Degraded,0
direct_input:temperature,validation,favourable_value,Acceptable,Critical,0
direct_input:temperature,validation,favourable_value,Degraded,Favourable,48
direct_input:temperature,validation,favourable_value,Degraded,Acceptable,19
direct_input:temperature,validation,favourable_value,Degraded,Degraded,1
direct_input:temperature,validation,favourable_value,Degraded,Critical,0
direct_input:temperature,validation,favourable_value,Critical,Favourable,103
direct_input:temperature,validation,favourable_value,Critical,Acceptable,74
direct_input:temperature,validation,favourable_value,Critical,Degraded,19
direct_input:temperature,validation,favourable_value,Critical,Critical,24
direct_input:temperature,validation,locf,Favourable,Favourable,38
direct_input:temperature,validation,locf,Favourable,Acceptable,0
direct_input:temperature,validation,locf,Favourable,Degraded,0
direct_input:temperature,validation,locf,Favourable,Critical,0
direct_input:temperature,validation,locf,Acceptable,Favourable,1
direct_input:temperature,validation,locf,Acceptable,Acceptable,31
direct_input:temperature,validation,locf,Acceptable,Degraded,2
direct_input:temperature,validation,locf,Acceptable,Critical,0
direct_input:temperature,validation,locf,Degraded,Favourable,0
direct_input:temperature,validation,locf,Degraded,Acceptable,1
direct_input:temperature,validation,locf,Degraded,Degraded,65
direct_input:temperature,validation,locf,Degraded,Critical,2
direct_input:temperature,validation,locf,Critical,Favourable,1
direct_input:temperature,validation,locf,Critical,Acceptable,2
direct_input:temperature,validation,locf,Critical,Degraded,1
direct_input:temperature,validation,locf,Critical,Critical,216
direct_input:temperature,validation,mean_imputation,Favourable,Favourable,0
direct_input:temperature,validation,mean_imputation,Favourable,Acceptable,0
direct_input:temperature,validation,mean_imputation,Favourable,Degraded,38
direct_input:temperature,validation,mean_imputation,Favourable,Critical,0
direct_input:temperature,validation,mean_imputation,Acceptable,Favourable,0
direct_input:temperature,validation,mean_imputation,Acceptable,Acceptable,0
direct_input:temperature,validation,mean_imputation,Acceptable,Degraded,34
direct_input:temperature,validation,mean_imputation,Acceptable,Critical,0
direct_input:temperature,validation,mean_imputation,Degraded,Favourable,0
direct_input:temperature,validation,mean_imputation,Degraded,Acceptable,0
direct_input:temperature,validation,mean_imputation,Degraded,Degraded,68
direct_input:temperature,validation,mean_imputation,Degraded,Critical,0
direct_input:temperature,validation,mean_imputation,Critical,Favourable,0
direct_input:temperature,validation,mean_imputation,Critical,Acceptable,0
direct_input:temperature,validation,mean_imputation,Critical,Degraded,196
direct_input:temperature,validation,mean_imputation,Critical,Critical,24
direct_input:temperature,validation,proposed,Favourable,Favourable,38
direct_input:temperature,validation,proposed,Favourable,Acceptable,0
direct_input:temperature,validation,proposed,Favourable,Degraded,0
direct_input:temperature,validation,proposed,Favourable,Critical,0
direct_input:temperature,validation,proposed,Acceptable,Favourable,23
direct_input:temperature,validation,proposed,Acceptable,Acceptable,11
direct_input:temperature,validation,proposed,Acceptable,Degraded,0
direct_input:temperature,validation,proposed,Acceptable,Critical,0
direct_input:temperature,validation,proposed,Degraded,Favourable,51
direct_input:temperature,validation,proposed,Degraded,Acceptable,16
direct_input:temperature,validation,proposed,Degraded,Degraded,1
direct_input:temperature,validation,proposed,Degraded,Critical,0
direct_input:temperature,validation,proposed,Critical,Favourable,118
direct_input:temperature,validation,proposed,Critical,Acceptable,59
direct_input:temperature,validation,proposed,Critical,Degraded,19
direct_input:temperature,validation,proposed,Critical,Critical,24
