boundary_id,channel,context,method,max_adjacent_jump,mean_adjacent_jump,median_adjacent_jump,p95_adjacent_jump,total_variation,local_lipschitz_ratio,n_class_transitions,class_transition_positions,index_range,monotonicity_violations,masked_by_favorable,area_between_curves_vs_crisp_max
co2_breakpoint0,co2,acceptable,CRISP_CLASS_MAX,0.0,0.0,0.0,0.0,0.0,0.0,0,,0.0,0,False,
co2_breakpoint0,co2,acceptable,FUZZY_COMPONENT_MAX,0.0,0.0,0.0,0.0,0.0,0.0,0,,0.0,0,False,
co2_breakpoint0,co2,acceptable,PROPOSED_HFIS,7.105427357601002e-15,2.842170943040401e-15,0.0,7.105427357601002e-15,5.684341886080802e-14,1.0150610510858574e-15,0,,1.4210854715202004e-14,0,False,1.9895196601282805e-13
co2_breakpoint0,co2,acceptable,WEIGHTED_MEAN,1.3076229714522611,0.6263992537313433,0.6142477974889999,1.289110509122513,12.527985074626866,0.1868032816360373,1,772.0,12.527985074626866,0,False,
co2_breakpoint0,co2,degraded,CRISP_CLASS_MAX,0.0,0.0,0.0,0.0,0.0,0.0,0,,0.0,0,False,
co2_breakpoint0,co2,degraded,FUZZY_COMPONENT_MAX,0.0,0.0,0.0,0.0,0.0,0.0,0,,0.0,0,False,
co2_breakpoint0,co2,degraded,PROPOSED_HFIS,2.842170943040401e-14,8.526512829121202e-15,0.0,2.842170943040401e-14,1.7053025658242404e-13,4.0602442043434294e-15,0,,2.842170943040401e-14,0,False,5.968558980384842e-13
co2_breakpoint0,co2,degraded,WEIGHTED_MEAN,1.3076229714522611,0.6263992537313434,0.6142477974889999,1.2891105091225163,12.52798507462687,0.1868032816360373,1,835.0,12.52798507462687,0,False,
co2_breakpoint0,co2,favourable,CRISP_CLASS_MAX,25.0,1.25,0.0,1.2500000000000178,25.0,3.5714285714285716,1,800.0,25.0,0,False,
co2_breakpoint0,co2,favourable,FUZZY_COMPONENT_MAX,2.6152459429045223,1.2527985074626866,1.2284955949780016,2.5782210182450296,25.05597014925373,0.3736065632720746,1,800.0,25.05597014925373,0,False,
co2_breakpoint0,co2,favourable,PROPOSED_HFIS,2.6152459429045223,1.2527985074626866,1.2284955949780016,2.5782210182450296,25.05597014925373,0.3736065632720746,1,800.0,25.05597014925373,0,False,0.0
co2_breakpoint0,co2,favourable,WEIGHTED_MEAN,1.3076229714522611,0.6263992537313433,0.6142477974890017,1.2891105091225148,12.527985074626866,0.1868032816360373,0,,12.527985074626866,0,True,
co2_breakpoint1,co2,acceptable,CRISP_CLASS_MAX,25.0,1.25,0.0,1.2500000000000178,25.0,3.5714285714285716,1,1000.0,25.0,0,False,
co2_breakpoint1,co2,acceptable,FUZZY_COMPONENT_MAX,2.5695134061569007,1.25,1.226692836113834,2.569513406156894,25.0,0.3670733437367001,1,1000.0,25.0,0,False,
co2_breakpoint1,co2,acceptable,PROPOSED_HFIS,2.5695134061569007,1.25,1.226692836113834,2.569513406156894,25.0,0.3670733437367001,1,1000.0,25.0,0,False,0.0
co2_breakpoint1,co2,acceptable,WEIGHTED_MEAN,1.2847567030784504,0.625,0.613346418056917,1.2847567030784437,12.5,0.18353667186835004,1,1035.0,12.5,0,False,
co2_breakpoint1,co2,degraded,CRISP_CLASS_MAX,0.0,0.0,0.0,0.0,0.0,0.0,0,,0.0,0,False,
co2_breakpoint1,co2,degraded,FUZZY_COMPONENT_MAX,0.0,0.0,0.0,0.0,0.0,0.0,0,,0.0,0,False,
co2_breakpoint1,co2,degraded,PROPOSED_HFIS,2.842170943040401e-14,8.526512829121202e-15,0.0,2.842170943040401e-14,1.7053025658242404e-13,4.0602442043434294e-15,0,,2.842170943040401e-14,0,False,5.968558980384842e-13
co2_breakpoint1,co2,degraded,WEIGHTED_MEAN,1.2847567030784504,0.625,0.613346418056917,1.2847567030784437,12.5,0.18353667186835004,0,,12.5,0,False,
co2_breakpoint1,co2,favourable,CRISP_CLASS_MAX,25.0,1.25,0.0,1.2500000000000178,25.0,3.5714285714285716,1,1000.0,25.0,0,False,
co2_breakpoint1,co2,favourable,FUZZY_COMPONENT_MAX,2.5695134061569007,1.25,1.226692836113834,2.569513406156894,25.0,0.3670733437367001,1,1000.0,25.0,0,False,
co2_breakpoint1,co2,favourable,PROPOSED_HFIS,2.5695134061569007,1.25,1.226692836113834,2.569513406156894,25.0,0.3670733437367001,1,1000.0,25.0,0,False,0.0
co2_breakpoint1,co2,favourable,WEIGHTED_MEAN,1.2847567030784468,0.6249999999999998,0.613346418056917,1.2847567030784435,12.499999999999996,0.18353667186834954,1,972.0,12.499999999999996,0,False,
co2_breakpoint2,co2,acceptable,CRISP_CLASS_MAX,25.0,1.25,0.0,1.2500000000000178,25.0,3.5714285714285716,1,1500.0,25.0,0,False,
co2_breakpoint2,co2,acceptable,FUZZY_COMPONENT_MAX,2.6152459429045365,1.2527985074626862,1.228495594978007,2.578221018244993,25.055970149253724,0.37360656327207664,1,1507.0,25.055970149253724,0,False,
co2_breakpoint2,co2,acceptable,PROPOSED_HFIS,2.6152459429045365,1.2527985074626862,1.228495594978007,2.578221018244993,25.055970149253724,0.37360656327207664,1,1507.0,25.055970149253724,0,False,0.0
co2_breakpoint2,co2,acceptable,WEIGHTED_MEAN,1.3076229714522682,0.6263992537313431,0.6142477974890035,1.2891105091224966,12.527985074626862,0.18680328163603832,0,,12.527985074626862,0,False,
co2_breakpoint2,co2,degraded,CRISP_CLASS_MAX,25.0,1.25,0.0,1.2500000000000178,25.0,3.5714285714285716,1,1500.0,25.0,0,False,
co2_breakpoint2,co2,degraded,FUZZY_COMPONENT_MAX,2.6152459429045365,1.2527985074626862,1.228495594978007,2.578221018244993,25.055970149253724,0.37360656327207664,1,1507.0,25.055970149253724,0,False,
co2_breakpoint2,co2,degraded,PROPOSED_HFIS,2.6152459429045365,1.2527985074626862,1.228495594978007,2.578221018244993,25.055970149253724,0.37360656327207664,1,1507.0,25.055970149253724,0,False,0.0
co2_breakpoint2,co2,degraded,WEIGHTED_MEAN,1.3076229714522611,0.6263992537313428,0.6142477974889999,1.2891105091225028,12.527985074626855,0.1868032816360373,1,1535.0,12.527985074626855,0,False,
co2_breakpoint2,co2,favourable,CRISP_CLASS_MAX,25.0,1.25,0.0,1.2500000000000178,25.0,3.5714285714285716,1,1500.0,25.0,0,False,
co2_breakpoint2,co2,favourable,FUZZY_COMPONENT_MAX,2.6152459429045365,1.2527985074626862,1.228495594978007,2.578221018244993,25.055970149253724,0.37360656327207664,1,1507.0,25.055970149253724,0,False,
co2_breakpoint2,co2,favourable,PROPOSED_HFIS,2.6152459429045365,1.2527985074626862,1.228495594978007,2.578221018244993,25.055970149253724,0.37360656327207664,1,1507.0,25.055970149253724,0,False,0.0
co2_breakpoint2,co2,favourable,WEIGHTED_MEAN,1.3076229714522754,0.6263992537313434,0.6142477974889999,1.2891105091224901,12.52798507462687,0.18680328163603935,1,1535.0,12.52798507462687,0,False,
humidity_acceptable_high_edge_all_seasons,humidity,acceptable,CRISP_CLASS_MAX,0.0,0.0,0.0,0.0,0.0,0.0,0,,0.0,0,False,
humidity_acceptable_high_edge_all_seasons,humidity,acceptable,FUZZY_COMPONENT_MAX,0.0,0.0,0.0,0.0,0.0,0.0,0,,0.0,0,False,
humidity_acceptable_high_edge_all_seasons,humidity,acceptable,PROPOSED_HFIS,0.0,0.0,0.0,0.0,0.0,0.0,0,,0.0,0,False,0.0
humidity_acceptable_high_edge_all_seasons,humidity,acceptable,WEIGHTED_MEAN,0.0,0.0,0.0,0.0,0.0,0.0,0,,0.0,0,False,
humidity_acceptable_high_edge_all_seasons,humidity,degraded,CRISP_CLASS_MAX,0.0,0.0,0.0,0.0,0.0,0.0,0,,0.0,0,False,
humidity_acceptable_high_edge_all_seasons,humidity,degraded,FUZZY_COMPONENT_MAX,0.0,0.0,0.0,0.0,0.0,0.0,0,,0.0,0,False,
humidity_acceptable_high_edge_all_seasons,humidity,degraded,PROPOSED_HFIS,0.0,0.0,0.0,0.0,0.0,0.0,0,,0.0,0,False,0.0
humidity_acceptable_high_edge_all_seasons,humidity,degraded,WEIGHTED_MEAN,0.0,0.0,0.0,0.0,0.0,0.0,0,,0.0,0,False,
humidity_acceptable_high_edge_all_seasons,humidity,favourable,CRISP_CLASS_MAX,0.0,0.0,0.0,0.0,0.0,0.0,0,,0.0,0,True,
humidity_acceptable_high_edge_all_seasons,humidity,favourable,FUZZY_COMPONENT_MAX,0.0,0.0,0.0,0.0,0.0,0.0,0,,0.0,0,True,
humidity_acceptable_high_edge_all_seasons,humidity,favourable,PROPOSED_HFIS,0.0,0.0,0.0,0.0,0.0,0.0,0,,0.0,0,True,0.0
humidity_acceptable_high_edge_all_seasons,humidity,favourable,WEIGHTED_MEAN,0.0,0.0,0.0,0.0,0.0,0.0,0,,0.0,0,True,
humidity_acceptable_low_edge_all_seasons,humidity,acceptable,CRISP_CLASS_MAX,0.0,0.0,0.0,0.0,0.0,0.0,0,,0.0,0,False,
humidity_acceptable_low_edge_all_seasons,humidity,acceptable,FUZZY_COMPONENT_MAX,0.0,0.0,0.0,0.0,0.0,0.0,0,,0.0,0,False,
humidity_acceptable_low_edge_all_seasons,humidity,acceptable,PROPOSED_HFIS,0.0,0.0,0.0,0.0,0.0,0.0,0,,0.0,0,False,0.0
humidity_acceptable_low_edge_all_seasons,humidity,acceptable,WEIGHTED_MEAN,0.0,0.0,0.0,0.0,0.0,0.0,0,,0.0,0,False,
humidity_acceptable_low_edge_all_seasons,humidity,degraded,CRISP_CLASS_MAX,0.0,0.0,0.0,0.0,0.0,0.0,0,,0.0,0,False,
humidity_acceptable_low_edge_all_seasons,humidity,degraded,FUZZY_COMPONENT_MAX,0.0,0.0,0.0,0.0,0.0,0.0,0,,0.0,0,False,
humidity_acceptable_low_edge_all_seasons,humidity,degraded,PROPOSED_HFIS,0.0,0.0,0.0,0.0,0.0,0.0,0,,0.0,0,False,0.0
humidity_acceptable_low_edge_all_seasons,humidity,degraded,WEIGHTED_MEAN,0.0,0.0,0.0,0.0,0.0,0.0,0,,0.0,0,False,
humidity_acceptable_low_edge_all_seasons,humidity,favourable,CRISP_CLASS_MAX,0.0,0.0,0.0,0.0,0.0,0.0,0,,0.0,0,True,
humidity_acceptable_low_edge_all_seasons,humidity,favourable,FUZZY_COMPONENT_MAX,0.0,0.0,0.0,0.0,0.0,0.0,0,,0.0,0,True,
humidity_acceptable_low_edge_all_seasons,humidity,favourable,PROPOSED_HFIS,0.0,0.0,0.0,0.0,0.0,0.0,0,,0.0,0,True,0.0
humidity_acceptable_low_edge_all_seasons,humidity,favourable,WEIGHTED_MEAN,0.0,0.0,0.0,0.0,0.0,0.0,0,,0.0,0,True,
humidity_critical_high_all_seasons,humidity,acceptable,CRISP_CLASS_MAX,0.0,0.0,0.0,0.0,0.0,0.0,0,,0.0,0,False,
humidity_critical_high_all_seasons,humidity,acceptable,FUZZY_COMPONENT_MAX,0.0,0.0,0.0,0.0,0.0,0.0,0,,0.0,0,False,
humidity_critical_high_all_seasons,humidity,acceptable,PROPOSED_HFIS,0.0,0.0,0.0,0.0,0.0,0.0,0,,0.0,0,False,0.0
humidity_critical_high_all_seasons,humidity,acceptable,WEIGHTED_MEAN,0.0,0.0,0.0,0.0,0.0,0.0,0,,0.0,0,False,
humidity_critical_high_all_seasons,humidity,degraded,CRISP_CLASS_MAX,0.0,0.0,0.0,0.0,0.0,0.0,0,,0.0,0,False,
humidity_critical_high_all_seasons,humidity,degraded,FUZZY_COMPONENT_MAX,0.0,0.0,0.0,0.0,0.0,0.0,0,,0.0,0,False,
humidity_critical_high_all_seasons,humidity,degraded,PROPOSED_HFIS,0.0,0.0,0.0,0.0,0.0,0.0,0,,0.0,0,False,0.0
humidity_critical_high_all_seasons,humidity,degraded,WEIGHTED_MEAN,0.0,0.0,0.0,0.0,0.0,0.0,0,,0.0,0,False,
humidity_critical_high_all_seasons,humidity,favourable,CRISP_CLASS_MAX,0.0,0.0,0.0,0.0,0.0,0.0,0,,0.0,0,True,
humidity_critical_high_all_seasons,humidity,favourable,FUZZY_COMPONENT_MAX,0.0,0.0,0.0,0.0,0.0,0.0,0,,0.0,0,True,
humidity_critical_high_all_seasons,humidity,favourable,PROPOSED_HFIS,0.0,0.0,0.0,0.0,0.0,0.0,0,,0.0,0,True,0.0
humidity_critical_high_all_seasons,humidity,favourable,WEIGHTED_MEAN,0.0,0.0,0.0,0.0,0.0,0.0,0,,0.0,0,True,
humidity_critical_low_all_seasons,humidity,acceptable,CRISP_CLASS_MAX,0.0,0.0,0.0,0.0,0.0,0.0,0,,0.0,0,False,
humidity_critical_low_all_seasons,humidity,acceptable,FUZZY_COMPONENT_MAX,0.0,0.0,0.0,0.0,0.0,0.0,0,,0.0,0,False,
humidity_critical_low_all_seasons,humidity,acceptable,PROPOSED_HFIS,0.0,0.0,0.0,0.0,0.0,0.0,0,,0.0,0,False,0.0
humidity_critical_low_all_seasons,humidity,acceptable,WEIGHTED_MEAN,0.0,0.0,0.0,0.0,0.0,0.0,0,,0.0,0,False,
humidity_critical_low_all_seasons,humidity,degraded,CRISP_CLASS_MAX,0.0,0.0,0.0,0.0,0.0,0.0,0,,0.0,0,False,
humidity_critical_low_all_seasons,humidity,degraded,FUZZY_COMPONENT_MAX,0.0,0.0,0.0,0.0,0.0,0.0,0,,0.0,0,False,
humidity_critical_low_all_seasons,humidity,degraded,PROPOSED_HFIS,0.0,0.0,0.0,0.0,0.0,0.0,0,,0.0,0,False,0.0
humidity_critical_low_all_seasons,humidity,degraded,WEIGHTED_MEAN,0.0,0.0,0.0,0.0,0.0,0.0,0,,0.0,0,False,
humidity_critical_low_all_seasons,humidity,favourable,CRISP_CLASS_MAX,0.0,0.0,0.0,0.0,0.0,0.0,0,,0.0,0,True,
humidity_critical_low_all_seasons,humidity,favourable,FUZZY_COMPONENT_MAX,0.0,0.0,0.0,0.0,0.0,0.0,0,,0.0,0,True,
humidity_critical_low_all_seasons,humidity,favourable,PROPOSED_HFIS,0.0,0.0,0.0,0.0,0.0,0.0,0,,0.0,0,True,0.0
humidity_critical_low_all_seasons,humidity,favourable,WEIGHTED_MEAN,0.0,0.0,0.0,0.0,0.0,0.0,0,,0.0,0,True,
humidity_favorable_high_edge_all_seasons,humidity,acceptable,CRISP_CLASS_MAX,0.0,0.0,0.0,0.0,0.0,0.0,0,,0.0,0,False,
humidity_favorable_high_edge_all_seasons,humidity,acceptable,FUZZY_COMPONENT_MAX,0.0,0.0,0.0,0.0,0.0,0.0,0,,0.0,0,False,
humidity_favorable_high_edge_all_seasons,humidity,acceptable,PROPOSED_HFIS,0.0,0.0,0.0,0.0,0.0,0.0,0,,0.0,0,False,0.0
humidity_favorable_high_edge_all_seasons,humidity,acceptable,WEIGHTED_MEAN,0.0,0.0,0.0,0.0,0.0,0.0,0,,0.0,0,False,
humidity_favorable_high_edge_all_seasons,humidity,degraded,CRISP_CLASS_MAX,0.0,0.0,0.0,0.0,0.0,0.0,0,,0.0,0,False,
humidity_favorable_high_edge_all_seasons,humidity,degraded,FUZZY_COMPONENT_MAX,0.0,0.0,0.0,0.0,0.0,0.0,0,,0.0,0,False,
humidity_favorable_high_edge_all_seasons,humidity,degraded,PROPOSED_HFIS,0.0,0.0,0.0,0.0,0.0,0.0,0,,0.0,0,False,0.0
humidity_favorable_high_edge_all_seasons,humidity,degraded,WEIGHTED_MEAN,0.0,0.0,0.0,0.0,0.0,0.0,0,,0.0,0,False,
humidity_favorable_high_edge_all_seasons,humidity,favourable,CRISP_CLASS_MAX,0.0,0.0,0.0,0.0,0.0,0.0,0,,0.0,0,True,
humidity_favorable_high_edge_all_seasons,humidity,favourable,FUZZY_COMPONENT_MAX,0.0,0.0,0.0,0.0,0.0,0.0,0,,0.0,0,True,
humidity_favorable_high_edge_all_seasons,humidity,favourable,PROPOSED_HFIS,0.0,0.0,0.0,0.0,0.0,0.0,0,,0.0,0,True,0.0
humidity_favorable_high_edge_all_seasons,humidity,favourable,WEIGHTED_MEAN,0.0,0.0,0.0,0.0,0.0,0.0,0,,0.0,0,True,
humidity_favorable_low_edge_all_seasons,humidity,acceptable,CRISP_CLASS_MAX,0.0,0.0,0.0,0.0,0.0,0.0,0,,0.0,0,False,
humidity_favorable_low_edge_all_seasons,humidity,acceptable,FUZZY_COMPONENT_MAX,0.0,0.0,0.0,0.0,0.0,0.0,0,,0.0,0,False,
humidity_favorable_low_edge_all_seasons,humidity,acceptable,PROPOSED_HFIS,0.0,0.0,0.0,0.0,0.0,0.0,0,,0.0,0,False,0.0
humidity_favorable_low_edge_all_seasons,humidity,acceptable,WEIGHTED_MEAN,0.0,0.0,0.0,0.0,0.0,0.0,0,,0.0,0,False,
humidity_favorable_low_edge_all_seasons,humidity,degraded,CRISP_CLASS_MAX,0.0,0.0,0.0,0.0,0.0,0.0,0,,0.0,0,False,
humidity_favorable_low_edge_all_seasons,humidity,degraded,FUZZY_COMPONENT_MAX,0.0,0.0,0.0,0.0,0.0,0.0,0,,0.0,0,False,
humidity_favorable_low_edge_all_seasons,humidity,degraded,PROPOSED_HFIS,0.0,0.0,0.0,0.0,0.0,0.0,0,,0.0,0,False,0.0
humidity_favorable_low_edge_all_seasons,humidity,degraded,WEIGHTED_MEAN,0.0,0.0,0.0,0.0,0.0,0.0,0,,0.0,0,False,
humidity_favorable_low_edge_all_seasons,humidity,favourable,CRISP_CLASS_MAX,0.0,0.0,0.0,0.0,0.0,0.0,0,,0.0,0,True,
humidity_favorable_low_edge_all_seasons,humidity,favourable,FUZZY_COMPONENT_MAX,0.0,0.0,0.0,0.0,0.0,0.0,0,,0.0,0,True,
humidity_favorable_low_edge_all_seasons,humidity,favourable,PROPOSED_HFIS,0.0,0.0,0.0,0.0,0.0,0.0,0,,0.0,0,True,0.0
humidity_favorable_low_edge_all_seasons,humidity,favourable,WEIGHTED_MEAN,0.0,0.0,0.0,0.0,0.0,0.0,0,,0.0,0,True,
pm10_breakpoint0,pm10,acceptable,CRISP_CLASS_MAX,0.0,0.0,0.0,0.0,0.0,0.0,0,,0.0,0,False,
pm10_breakpoint0,pm10,acceptable,FUZZY_COMPONENT_MAX,2.5695134061568936,0.3790580423020181,0.0,2.525400897421761,7.581160846040362,1.0278053624627574,0,,7.5811608460403335,0,False,
pm10_breakpoint0,pm10,acceptable,PROPOSED_HFIS,2.5695134061568936,0.3790580423020195,7.105427357601002e-15,2.525400897421761,7.58116084604039,1.0278053624627574,0,,7.581160846040341,0,False,3.552713678800501e-14
pm10_breakpoint0,pm10,acceptable,WEIGHTED_MEAN,1.2847567030784433,0.18952902115100834,0.0,1.2627004487108837,3.7905804230201667,0.5139026812313773,0,,3.7905804230201667,0,False,
pm10_breakpoint0,pm10,degraded,CRISP_CLASS_MAX,0.0,0.0,0.0,0.0,0.0,0.0,0,,0.0,0,False,
pm10_breakpoint0,pm10,degraded,FUZZY_COMPONENT_MAX,1.4210854715202004e-14,7.105427357601002e-15,7.105427357601002e-15,1.4210854715202004e-14,1.4210854715202004e-13,5.684341886080802e-15,0,,1.4210854715202004e-14,0,False,
pm10_breakpoint0,pm10,degraded,PROPOSED_HFIS,2.842170943040401e-14,1.0658141036401503e-14,7.105427357601002e-15,2.842170943040401e-14,2.1316282072803006e-13,1.1368683772161604e-14,0,,2.842170943040401e-14,0,False,8.881784197001252e-14
pm10_breakpoint0,pm10,degraded,WEIGHTED_MEAN,1.4210854715202004e-14,5.329070518200751e-15,3.552713678800501e-15,1.4210854715202004e-14,1.0658141036401503e-13,5.684341886080802e-15,0,,1.4210854715202004e-14,0,False,
pm10_breakpoint0,pm10,favourable,CRISP_CLASS_MAX,25.0,1.25,0.0,1.2500000000000178,25.0,10.0,1,45.0,25.0,0,False,
pm10_breakpoint0,pm10,favourable,FUZZY_COMPONENT_MAX,2.6152459429045223,1.6318565497647033,2.4626806247630615,2.5782210182450296,32.637130995294065,1.0460983771618089,1,45.0,32.637130995294065,0,False,
pm10_breakpoint0,pm10,favourable,PROPOSED_HFIS,2.6152459429045223,1.6318565497647033,2.4626806247630615,2.5782210182450296,32.637130995294065,1.0460983771618089,1,45.0,32.637130995294065,0,False,0.0
pm10_breakpoint0,pm10,favourable,WEIGHTED_MEAN,1.3076229714522611,0.8159282748823516,1.2313403123815299,1.2891105091225148,16.318565497647032,0.5230491885809044,1,65.0,16.318565497647032,0,True,
pm10_breakpoint1,pm10,acceptable,CRISP_CLASS_MAX,25.0,2.5,0.0,25.0,50.0,10.0,2,75.0;100.0,50.0,0,False,
pm10_breakpoint1,pm10,acceptable,FUZZY_COMPONENT_MAX,2.5695134061569007,1.8655864197530867,2.462680624763067,2.569513406156894,37.311728395061735,1.0278053624627603,1,75.0,37.311728395061735,0,False,
pm10_breakpoint1,pm10,acceptable,PROPOSED_HFIS,2.5695134061569007,1.8655864197530874,2.462680624763067,2.569513406156894,37.31172839506175,1.0278053624627603,1,75.0,37.31172839506174,0,False,1.7763568394002505e-14
pm10_breakpoint1,pm10,acceptable,WEIGHTED_MEAN,1.2847567030784504,0.9327932098765433,1.2313403123815334,1.2847567030784437,18.655864197530867,0.5139026812313802,1,87.5,18.655864197530867,0,False,
pm10_breakpoint1,pm10,degraded,CRISP_CLASS_MAX,25.0,1.25,0.0,1.2500000000000178,25.0,10.0,1,100.0,25.0,0,False,
pm10_breakpoint1,pm10,degraded,FUZZY_COMPONENT_MAX,2.4717629971378443,0.6155864197530938,1.4210854715202004e-14,2.464051297267236,12.311728395061877,0.9887051988551377,0,,12.311728395061735,0,False,
pm10_breakpoint1,pm10,degraded,PROPOSED_HFIS,2.4717629971378443,0.6155864197530974,2.1316282072803006e-14,2.464051297267236,12.311728395061948,0.9887051988551377,0,,12.311728395061749,0,False,8.881784197001252e-14
pm10_breakpoint1,pm10,degraded,WEIGHTED_MEAN,1.235881498568915,0.30779320987654835,1.0658141036401503e-14,1.2320256486336176,6.155864197530967,0.49435259942756604,0,,6.155864197530867,0,False,
pm10_breakpoint1,pm10,favourable,CRISP_CLASS_MAX,25.0,2.5,0.0,25.0,50.0,10.0,2,75.0;100.0,50.0,0,False,
pm10_breakpoint1,pm10,favourable,FUZZY_COMPONENT_MAX,2.5695134061569007,2.2344988980893086,2.463645418326685,2.569513406156894,44.68997796178617,1.0278053624627603,1,75.0,44.68997796178617,0,False,
pm10_breakpoint1,pm10,favourable,PROPOSED_HFIS,2.5695134061569007,2.2344988980893086,2.463645418326685,2.569513406156894,44.68997796178617,1.0278053624627603,1,75.0,44.68997796178617,0,False,0.0
pm10_breakpoint1,pm10,favourable,WEIGHTED_MEAN,1.2847567030784468,1.1172494490446545,1.2318227091633425,1.2847567030784435,22.344988980893092,0.5139026812313787,1,65.0,22.344988980893092,0,False,
pm10_breakpoint2,pm10,acceptable,CRISP_CLASS_MAX,25.0,1.25,0.0,1.2500000000000178,25.0,10.0,1,100.0,25.0,0,False,
pm10_breakpoint2,pm10,acceptable,FUZZY_COMPONENT_MAX,2.6152459429045365,1.8777985074626862,2.4645494500293204,2.578221018244993,37.555970149253724,1.0460983771618146,1,102.5,37.555970149253724,0,False,
pm10_breakpoint2,pm10,acceptable,PROPOSED_HFIS,2.6152459429045365,1.8777985074626862,2.4645494500293204,2.578221018244993,37.555970149253724,1.0460983771618146,1,102.5,37.555970149253724,0,False,0.0
pm10_breakpoint2,pm10,acceptable,WEIGHTED_MEAN,1.3076229714522682,0.9388992537313431,1.232274725014662,1.2891105091224966,18.777985074626862,0.5230491885809073,1,87.5,18.777985074626862,0,False,
pm10_breakpoint2,pm10,degraded,CRISP_CLASS_MAX,25.0,1.25,0.0,1.2500000000000178,25.0,10.0,1,100.0,25.0,0,False,
pm10_breakpoint2,pm10,degraded,FUZZY_COMPONENT_MAX,2.6152459429045365,1.252798507462689,1.228495594978014,2.578221018244993,25.05597014925378,1.0460983771618146,1,102.5,25.055970149253724,0,False,
pm10_breakpoint2,pm10,degraded,PROPOSED_HFIS,2.6152459429045365,1.2527985074626904,1.2284955949780212,2.578221018244993,25.05597014925381,1.0460983771618146,1,102.5,25.05597014925374,0,False,3.552713678800501e-14
pm10_breakpoint2,pm10,degraded,WEIGHTED_MEAN,1.3076229714522611,0.6263992537313449,0.614247797489007,1.2891105091225028,12.527985074626898,0.5230491885809044,1,112.5,12.527985074626862,0,False,
pm10_breakpoint2,pm10,favourable,CRISP_CLASS_MAX,25.0,1.25,0.0,1.2500000000000178,25.0,10.0,1,100.0,25.0,0,False,
pm10_breakpoint2,pm10,favourable,FUZZY_COMPONENT_MAX,2.6152459429045365,1.8777985074626862,2.4645494500293204,2.578221018244993,37.555970149253724,1.0460983771618146,1,102.5,37.555970149253724,0,False,
pm10_breakpoint2,pm10,favourable,PROPOSED_HFIS,2.6152459429045365,1.8777985074626862,2.4645494500293204,2.578221018244993,37.555970149253724,1.0460983771618146,1,102.5,37.555970149253724,0,False,0.0
pm10_breakpoint2,pm10,favourable,WEIGHTED_MEAN,1.3076229714522754,0.9388992537313433,1.2322747250146584,1.2891105091224901,18.777985074626866,0.5230491885809101,1,112.5,18.777985074626866,0,False,
pm2_5_breakpoint0,pm2_5,acceptable,CRISP_CLASS_MAX,0.0,0.0,0.0,0.0,0.0,0.0,0,,0.0,0,False,
pm2_5_breakpoint0,pm2_5,acceptable,FUZZY_COMPONENT_MAX,7.105427357601002e-15,1.4210854715202005e-15,0.0,7.105427357601002e-15,2.842170943040401e-14,1.4210854715202004e-14,0,,7.105427357601002e-15,0,False,
pm2_5_breakpoint0,pm2_5,acceptable,PROPOSED_HFIS,7.105427357601002e-15,2.842170943040401e-15,0.0,7.105427357601002e-15,5.684341886080802e-14,1.4210854715202004e-14,0,,1.4210854715202004e-14,0,False,7.105427357601002e-15
pm2_5_breakpoint0,pm2_5,acceptable,WEIGHTED_MEAN,0.0,0.0,0.0,0.0,0.0,0.0,0,,0.0,0,False,
pm2_5_breakpoint0,pm2_5,degraded,CRISP_CLASS_MAX,0.0,0.0,0.0,0.0,0.0,0.0,0,,0.0,0,False,
pm2_5_breakpoint0,pm2_5,degraded,FUZZY_COMPONENT_MAX,1.4210854715202004e-14,5.684341886080802e-15,0.0,1.4210854715202004e-14,1.1368683772161603e-13,2.842170943040401e-14,0,,1.4210854715202004e-14,0,False,
pm2_5_breakpoint0,pm2_5,degraded,PROPOSED_HFIS,2.842170943040401e-14,8.526512829121202e-15,0.0,2.842170943040401e-14,1.7053025658242404e-13,5.684341886080802e-14,0,,2.842170943040401e-14,0,False,1.4210854715202004e-14
pm2_5_breakpoint0,pm2_5,degraded,WEIGHTED_MEAN,1.4210854715202004e-14,4.263256414560601e-15,0.0,1.4210854715202004e-14,8.526512829121202e-14,2.842170943040401e-14,0,,1.4210854715202004e-14,0,False,
pm2_5_breakpoint0,pm2_5,favourable,CRISP_CLASS_MAX,25.0,1.25,0.0,1.2500000000000178,25.0,50.0,1,15.0,25.0,0,False,
pm2_5_breakpoint0,pm2_5,favourable,FUZZY_COMPONENT_MAX,2.6152459429045223,1.2527985074626866,1.2284955949780016,2.5782210182450296,25.05597014925373,5.230491885809045,1,15.0,25.05597014925373,0,False,
pm2_5_breakpoint0,pm2_5,favourable,PROPOSED_HFIS,2.6152459429045223,1.2527985074626866,1.2284955949780016,2.5782210182450296,25.05597014925373,5.230491885809045,1,15.0,25.05597014925373,0,False,0.0
pm2_5_breakpoint0,pm2_5,favourable,WEIGHTED_MEAN,1.3076229714522611,0.6263992537313433,0.6142477974890017,1.2891105091225148,12.527985074626866,2.6152459429045223,0,,12.527985074626866,0,True,
pm2_5_breakpoint1,pm2_5,acceptable,CRISP_CLASS_MAX,25.0,1.25,0.0,1.2500000000000178,25.0,50.0,1,25.0,25.0,0,False,
pm2_5_breakpoint1,pm2_5,acceptable,FUZZY_COMPONENT_MAX,2.5695134061569007,1.25,1.226692836113834,2.569513406156894,25.0,5.139026812313801,1,25.0,25.0,0,False,
pm2_5_breakpoint1,pm2_5,acceptable,PROPOSED_HFIS,2.5695134061569007,1.25,1.226692836113834,2.569513406156894,25.0,5.139026812313801,1,25.0,25.0,0,False,0.0
pm2_5_breakpoint1,pm2_5,acceptable,WEIGHTED_MEAN,1.2847567030784504,0.625,0.613346418056917,1.2847567030784437,12.5,2.5695134061569007,1,27.5,12.5,0,False,
pm2_5_breakpoint1,pm2_5,degraded,CRISP_CLASS_MAX,0.0,0.0,0.0,0.0,0.0,0.0,0,,0.0,0,False,
pm2_5_breakpoint1,pm2_5,degraded,FUZZY_COMPONENT_MAX,1.4210854715202004e-14,5.684341886080802e-15,0.0,1.4210854715202004e-14,1.1368683772161603e-13,2.842170943040401e-14,0,,1.4210854715202004e-14,0,False,
pm2_5_breakpoint1,pm2_5,degraded,PROPOSED_HFIS,2.842170943040401e-14,8.526512829121202e-15,0.0,2.842170943040401e-14,1.7053025658242404e-13,5.684341886080802e-14,0,,2.842170943040401e-14,0,False,1.4210854715202004e-14
pm2_5_breakpoint1,pm2_5,degraded,WEIGHTED_MEAN,1.4210854715202004e-14,4.263256414560601e-15,0.0,1.4210854715202004e-14,8.526512829121202e-14,2.842170943040401e-14,0,,1.4210854715202004e-14,0,False,
pm2_5_breakpoint1,pm2_5,favourable,CRISP_CLASS_MAX,25.0,1.25,0.0,1.2500000000000178,25.0,50.0,1,25.0,25.0,0,False,
pm2_5_breakpoint1,pm2_5,favourable,FUZZY_COMPONENT_MAX,2.5695134061569007,1.25,1.226692836113834,2.569513406156894,25.0,5.139026812313801,1,25.0,25.0,0,False,
pm2_5_breakpoint1,pm2_5,favourable,PROPOSED_HFIS,2.5695134061569007,1.25,1.226692836113834,2.569513406156894,25.0,5.139026812313801,1,25.0,25.0,0,False,0.0
pm2_5_breakpoint1,pm2_5,favourable,WEIGHTED_MEAN,1.2847567030784468,0.6249999999999998,0.613346418056917,1.2847567030784435,12.499999999999996,2.5695134061568936,1,23.0,12.499999999999996,0,False,
pm2_5_breakpoint2,pm2_5,acceptable,CRISP_CLASS_MAX,25.0,1.25,0.0,1.2500000000000178,25.0,50.0,1,50.0,25.0,0,False,
pm2_5_breakpoint2,pm2_5,acceptable,FUZZY_COMPONENT_MAX,2.6152459429045365,1.2527985074626862,1.228495594978007,2.578221018244993,25.055970149253724,5.230491885809073,1,50.5,25.055970149253724,0,False,
pm2_5_breakpoint2,pm2_5,acceptable,PROPOSED_HFIS,2.6152459429045365,1.2527985074626862,1.228495594978007,2.578221018244993,25.055970149253724,5.230491885809073,1,50.5,25.055970149253724,0,False,0.0
pm2_5_breakpoint2,pm2_5,acceptable,WEIGHTED_MEAN,1.3076229714522682,0.6263992537313431,0.6142477974890035,1.2891105091224966,12.527985074626862,2.6152459429045365,0,,12.527985074626862,0,False,
pm2_5_breakpoint2,pm2_5,degraded,CRISP_CLASS_MAX,25.0,1.25,0.0,1.2500000000000178,25.0,50.0,1,50.0,25.0,0,False,
pm2_5_breakpoint2,pm2_5,degraded,FUZZY_COMPONENT_MAX,2.6152459429045365,1.2527985074626862,1.228495594978007,2.578221018244993,25.055970149253724,5.230491885809073,1,50.5,25.055970149253724,0,False,
pm2_5_breakpoint2,pm2_5,degraded,PROPOSED_HFIS,2.6152459429045365,1.2527985074626862,1.228495594978007,2.578221018244993,25.055970149253724,5.230491885809073,1,50.5,25.055970149253724,0,False,0.0
pm2_5_breakpoint2,pm2_5,degraded,WEIGHTED_MEAN,1.3076229714522611,0.6263992537313428,0.6142477974889999,1.2891105091225028,12.527985074626855,2.6152459429045223,1,52.5,12.527985074626855,0,False,
pm2_5_breakpoint2,pm2_5,favourable,CRISP_CLASS_MAX,25.0,1.25,0.0,1.2500000000000178,25.0,50.0,1,50.0,25.0,0,False,
pm2_5_breakpoint2,pm2_5,favourable,FUZZY_COMPONENT_MAX,2.6152459429045365,1.2527985074626862,1.228495594978007,2.578221018244993,25.055970149253724,5.230491885809073,1,50.5,25.055970149253724,0,False,
pm2_5_breakpoint2,pm2_5,favourable,PROPOSED_HFIS,2.6152459429045365,1.2527985074626862,1.228495594978007,2.578221018244993,25.055970149253724,5.230491885809073,1,50.5,25.055970149253724,0,False,0.0
pm2_5_breakpoint2,pm2_5,favourable,WEIGHTED_MEAN,1.3076229714522754,0.6263992537313434,0.6142477974889999,1.2891105091224901,12.52798507462687,2.6152459429045507,1,52.5,12.52798507462687,0,False,
temperature_acceptable_high_edge_general_residential_warm_period,temperature,acceptable,CRISP_CLASS_MAX,0.0,0.0,0.0,0.0,0.0,0.0,0,,0.0,0,False,
temperature_acceptable_high_edge_general_residential_warm_period,temperature,acceptable,FUZZY_COMPONENT_MAX,2.5695134061569362,0.625,0.0,2.5254008974217905,12.5,51.39026812313799,1,26.0,12.5,0,False,
temperature_acceptable_high_edge_general_residential_warm_period,temperature,acceptable,PROPOSED_HFIS,2.5695134061569362,0.625,0.0,2.5254008974217905,12.5,51.39026812313799,1,26.0,12.5,0,False,0.0
temperature_acceptable_high_edge_general_residential_warm_period,temperature,acceptable,WEIGHTED_MEAN,0.8565044687189811,0.2083333333333332,0.0,0.8418002991405924,4.166666666666664,17.130089374379377,0,,4.166666666666664,0,False,
temperature_acceptable_high_edge_general_residential_warm_period,temperature,degraded,CRISP_CLASS_MAX,0.0,0.0,0.0,0.0,0.0,0.0,0,,0.0,0,False,
temperature_acceptable_high_edge_general_residential_warm_period,temperature,degraded,FUZZY_COMPONENT_MAX,7.105427357601002e-15,2.1316282072803005e-15,0.0,7.105427357601002e-15,4.263256414560601e-14,1.4210854715201802e-13,0,,7.105427357601002e-15,0,False,
temperature_acceptable_high_edge_general_residential_warm_period,temperature,degraded,PROPOSED_HFIS,1.4210854715202004e-14,6.394884621840902e-15,7.105427357601002e-15,1.4210854715202004e-14,1.2789769243681803e-13,2.8421709430403604e-13,0,,2.1316282072803006e-14,0,False,3.1974423109203827e-15
temperature_acceptable_high_edge_general_residential_warm_period,temperature,degraded,WEIGHTED_MEAN,0.0,0.0,0.0,0.0,0.0,0.0,0,,0.0,0,False,
temperature_acceptable_high_edge_general_residential_warm_period,temperature,favourable,CRISP_CLASS_MAX,25.0,1.25,0.0,1.2500000000000178,25.0,499.9999999999929,1,25.55,25.0,0,True,
temperature_acceptable_high_edge_general_residential_warm_period,temperature,favourable,FUZZY_COMPONENT_MAX,2.6152459429045614,1.8777985074626866,2.4645494500293736,2.5782210182450616,37.55597014925373,52.30491885809048,2,25.5;26.0,37.55597014925373,0,False,
temperature_acceptable_high_edge_general_residential_warm_period,temperature,favourable,PROPOSED_HFIS,2.6152459429045614,1.8777985074626866,2.4645494500293736,2.5782210182450616,37.55597014925373,52.30491885809048,2,25.5;26.0,37.55597014925373,0,False,0.0
temperature_acceptable_high_edge_general_residential_warm_period,temperature,favourable,WEIGHTED_MEAN,0.8717486476348526,0.6259328358208955,0.8215164833431228,0.8594070060816872,12.518656716417912,17.434972952696803,0,,12.518656716417912,0,True,
temperature_acceptable_high_edge_kitchen_cold_period,temperature,acceptable,CRISP_CLASS_MAX,0.0,0.0,0.0,0.0,0.0,0.0,0,,0.0,0,False,
temperature_acceptable_high_edge_kitchen_cold_period,temperature,acceptable,FUZZY_COMPONENT_MAX,0.0,0.0,0.0,0.0,0.0,0.0,0,,0.0,0,False,
temperature_acceptable_high_edge_kitchen_cold_period,temperature,acceptable,PROPOSED_HFIS,0.0,0.0,0.0,0.0,0.0,0.0,0,,0.0,0,False,0.0
temperature_acceptable_high_edge_kitchen_cold_period,temperature,acceptable,WEIGHTED_MEAN,0.0,0.0,0.0,0.0,0.0,0.0,0,,0.0,0,False,
temperature_acceptable_high_edge_kitchen_cold_period,temperature,degraded,CRISP_CLASS_MAX,0.0,0.0,0.0,0.0,0.0,0.0,0,,0.0,0,False,
temperature_acceptable_high_edge_kitchen_cold_period,temperature,degraded,FUZZY_COMPONENT_MAX,7.105427357601002e-15,1.4210854715202005e-15,0.0,7.105427357601002e-15,2.842170943040401e-14,1.4210854715201802e-13,0,,7.105427357601002e-15,0,False,
temperature_acceptable_high_edge_kitchen_cold_period,temperature,degraded,PROPOSED_HFIS,1.4210854715202004e-14,4.263256414560601e-15,0.0,1.4210854715202004e-14,8.526512829121202e-14,2.8421709430403604e-13,0,,2.1316282072803006e-14,0,False,2.131628207280255e-15
temperature_acceptable_high_edge_kitchen_cold_period,temperature,degraded,WEIGHTED_MEAN,0.0,0.0,0.0,0.0,0.0,0.0,0,,0.0,0,False,
temperature_acceptable_high_edge_kitchen_cold_period,temperature,favourable,CRISP_CLASS_MAX,25.0,1.25,0.0,1.2500000000000178,25.0,499.9999999999929,1,21.05,25.0,0,True,
temperature_acceptable_high_edge_kitchen_cold_period,temperature,favourable,FUZZY_COMPONENT_MAX,2.6152459429045614,1.2527985074626866,1.2284955949779324,2.5782210182450616,25.05597014925373,52.30491885809048,1,21.0,25.05597014925373,0,False,
temperature_acceptable_high_edge_kitchen_cold_period,temperature,favourable,PROPOSED_HFIS,2.6152459429045614,1.2527985074626866,1.2284955949779324,2.5782210182450616,25.05597014925373,52.30491885809048,1,21.0,25.05597014925373,0,False,0.0
temperature_acceptable_high_edge_kitchen_cold_period,temperature,favourable,WEIGHTED_MEAN,0.8717486476348526,0.41759950248756217,0.4094985316593114,0.8594070060816872,8.351990049751244,17.434972952696803,0,,8.351990049751244,0,True,
temperature_acceptable_low_edge_general_residential_warm_period,temperature,acceptable,CRISP_CLASS_MAX,0.0,0.0,0.0,0.0,0.0,0.0,0,,0.0,0,False,
temperature_acceptable_low_edge_general_residential_warm_period,temperature,acceptable,FUZZY_COMPONENT_MAX,2.5695134061569362,0.625,0.0,2.5254008974217905,12.5,51.39026812313799,1,23.05,12.5,0,False,
temperature_acceptable_low_edge_general_residential_warm_period,temperature,acceptable,PROPOSED_HFIS,2.5695134061569362,0.625,0.0,2.5254008974217905,12.5,51.39026812313799,1,23.05,12.5,0,False,0.0
temperature_acceptable_low_edge_general_residential_warm_period,temperature,acceptable,WEIGHTED_MEAN,0.8565044687189811,0.2083333333333332,0.0,0.8418002991405924,4.166666666666664,17.130089374379377,0,,4.166666666666664,0,False,
temperature_acceptable_low_edge_general_residential_warm_period,temperature,degraded,CRISP_CLASS_MAX,0.0,0.0,0.0,0.0,0.0,0.0,0,,0.0,0,False,
temperature_acceptable_low_edge_general_residential_warm_period,temperature,degraded,FUZZY_COMPONENT_MAX,7.105427357601002e-15,2.1316282072803005e-15,0.0,7.105427357601002e-15,4.263256414560601e-14,1.4210854715201802e-13,0,,7.105427357601002e-15,0,False,
temperature_acceptable_low_edge_general_residential_warm_period,temperature,degraded,PROPOSED_HFIS,1.4210854715202004e-14,6.394884621840902e-15,7.105427357601002e-15,1.4210854715202004e-14,1.2789769243681803e-13,2.8421709430403604e-13,0,,2.1316282072803006e-14,0,False,3.1974423109203827e-15
temperature_acceptable_low_edge_general_residential_warm_period,temperature,degraded,WEIGHTED_MEAN,0.0,0.0,0.0,0.0,0.0,0.0,0,,0.0,0,False,
temperature_acceptable_low_edge_general_residential_warm_period,temperature,favourable,CRISP_CLASS_MAX,25.0,1.25,0.0,1.2500000000000178,25.0,499.9999999999929,1,23.5,25.0,0,True,
temperature_acceptable_low_edge_general_residential_warm_period,temperature,favourable,FUZZY_COMPONENT_MAX,2.6152459429045614,1.8777985074626866,2.4645494500293736,2.5782210182450616,37.55597014925373,52.30491885809048,2,23.05;23.55,37.55597014925373,0,False,
temperature_acceptable_low_edge_general_residential_warm_period,temperature,favourable,PROPOSED_HFIS,2.6152459429045614,1.8777985074626866,2.4645494500293736,2.5782210182450616,37.55597014925373,52.30491885809048,2,23.05;23.55,37.55597014925373,0,False,0.0
temperature_acceptable_low_edge_general_residential_warm_period,temperature,favourable,WEIGHTED_MEAN,0.8717486476348526,0.6259328358208955,0.8215164833431228,0.8594070060816872,12.518656716417912,17.434972952696803,0,,12.518656716417912,0,True,
temperature_acceptable_low_edge_kitchen_cold_period,temperature,acceptable,CRISP_CLASS_MAX,0.0,0.0,0.0,0.0,0.0,0.0,0,,0.0,0,False,
temperature_acceptable_low_edge_kitchen_cold_period,temperature,acceptable,FUZZY_COMPONENT_MAX,0.0,0.0,0.0,0.0,0.0,0.0,0,,0.0,0,False,
temperature_acceptable_low_edge_kitchen_cold_period,temperature,acceptable,PROPOSED_HFIS,0.0,0.0,0.0,0.0,0.0,0.0,0,,0.0,0,False,0.0
temperature_acceptable_low_edge_kitchen_cold_period,temperature,acceptable,WEIGHTED_MEAN,0.0,0.0,0.0,0.0,0.0,0.0,0,,0.0,0,False,
temperature_acceptable_low_edge_kitchen_cold_period,temperature,degraded,CRISP_CLASS_MAX,0.0,0.0,0.0,0.0,0.0,0.0,0,,0.0,0,False,
temperature_acceptable_low_edge_kitchen_cold_period,temperature,degraded,FUZZY_COMPONENT_MAX,7.105427357601002e-15,1.4210854715202005e-15,0.0,7.105427357601002e-15,2.842170943040401e-14,1.4210854715201802e-13,0,,7.105427357601002e-15,0,False,
temperature_acceptable_low_edge_kitchen_cold_period,temperature,degraded,PROPOSED_HFIS,1.4210854715202004e-14,4.263256414560601e-15,0.0,1.4210854715202004e-14,8.526512829121202e-14,2.8421709430403604e-13,0,,2.1316282072803006e-14,0,False,2.131628207280255e-15
temperature_acceptable_low_edge_kitchen_cold_period,temperature,degraded,WEIGHTED_MEAN,0.0,0.0,0.0,0.0,0.0,0.0,0,,0.0,0,False,
temperature_acceptable_low_edge_kitchen_cold_period,temperature,favourable,CRISP_CLASS_MAX,25.0,1.25,0.0,1.2500000000000178,25.0,499.9999999999929,1,18.0,25.0,0,True,
temperature_acceptable_low_edge_kitchen_cold_period,temperature,favourable,FUZZY_COMPONENT_MAX,2.6152459429045614,1.2527985074626866,1.2284955949779324,2.5782210182450616,25.05597014925373,52.30491885809048,1,18.05,25.05597014925373,0,False,
temperature_acceptable_low_edge_kitchen_cold_period,temperature,favourable,PROPOSED_HFIS,2.6152459429045614,1.2527985074626866,1.2284955949779324,2.5782210182450616,25.05597014925373,52.30491885809048,1,18.05,25.05597014925373,0,False,0.0
temperature_acceptable_low_edge_kitchen_cold_period,temperature,favourable,WEIGHTED_MEAN,0.8717486476348526,0.41759950248756217,0.4094985316593114,0.8594070060816872,8.351990049751244,17.434972952696803,0,,8.351990049751244,0,True,
temperature_critical_high_general_residential_warm_period,temperature,acceptable,CRISP_CLASS_MAX,25.0,1.25,0.0,1.2500000000000178,25.0,499.9999999999929,1,27.05,25.0,0,False,
temperature_critical_high_general_residential_warm_period,temperature,acceptable,FUZZY_COMPONENT_MAX,2.6152459429045507,1.2527985074626862,1.2284955949779288,2.578221018245048,25.055970149253724,52.30491885809027,1,27.05,25.055970149253724,0,False,
temperature_critical_high_general_residential_warm_period,temperature,acceptable,PROPOSED_HFIS,2.6152459429045507,1.2527985074626862,1.2284955949779288,2.578221018245048,25.055970149253724,52.30491885809027,1,27.05,25.055970149253724,0,False,0.0
temperature_critical_high_general_residential_warm_period,temperature,acceptable,WEIGHTED_MEAN,0.8717486476348526,0.41759950248756184,0.40949853165931316,0.8594070060816804,8.351990049751237,17.434972952696803,1,27.05,8.351990049751237,0,False,
temperature_critical_high_general_residential_warm_period,temperature,degraded,CRISP_CLASS_MAX,25.0,1.25,0.0,1.2500000000000178,25.0,499.9999999999929,1,27.05,25.0,0,False,
temperature_critical_high_general_residential_warm_period,temperature,degraded,FUZZY_COMPONENT_MAX,2.6152459429045507,1.2527985074626862,1.2284955949779288,2.578221018245048,25.055970149253724,52.30491885809027,1,27.05,25.055970149253724,0,False,
temperature_critical_high_general_residential_warm_period,temperature,degraded,PROPOSED_HFIS,2.6152459429045507,1.2527985074626862,1.2284955949779288,2.578221018245048,25.055970149253724,52.30491885809027,1,27.05,25.055970149253724,0,False,0.0
temperature_critical_high_general_residential_warm_period,temperature,degraded,WEIGHTED_MEAN,0.8717486476348455,0.41759950248756184,0.4094985316593096,0.8594070060816869,8.351990049751237,17.43497295269666,0,,8.351990049751237,0,False,
temperature_critical_high_general_residential_warm_period,temperature,favourable,CRISP_CLASS_MAX,25.0,1.25,0.0,1.2500000000000178,25.0,499.9999999999929,1,27.05,25.0,0,False,
temperature_critical_high_general_residential_warm_period,temperature,favourable,FUZZY_COMPONENT_MAX,2.6152459429045507,1.2527985074626862,1.2284955949779288,2.578221018245048,25.055970149253724,52.30491885809027,1,27.05,25.055970149253724,0,False,
temperature_critical_high_general_residential_warm_period,temperature,favourable,PROPOSED_HFIS,2.6152459429045507,1.2527985074626862,1.2284955949779288,2.578221018245048,25.055970149253724,52.30491885809027,1,27.05,25.055970149253724,0,False,0.0
temperature_critical_high_general_residential_warm_period,temperature,favourable,WEIGHTED_MEAN,0.8717486476348455,0.417599502487562,0.4094985316593096,0.8594070060816869,8.35199004975124,17.43497295269666,0,,8.35199004975124,0,False,
temperature_critical_high_kitchen_cold_period,temperature,acceptable,CRISP_CLASS_MAX,25.0,1.25,0.0,1.2500000000000178,25.0,499.9999999999929,1,23.55,25.0,0,False,
temperature_critical_high_kitchen_cold_period,temperature,acceptable,FUZZY_COMPONENT_MAX,2.6152459429045507,1.2527985074626862,1.2284955949779288,2.578221018245048,25.055970149253724,52.30491885809027,1,23.55,25.055970149253724,0,False,
temperature_critical_high_kitchen_cold_period,temperature,acceptable,PROPOSED_HFIS,2.6152459429045507,1.2527985074626862,1.2284955949779288,2.578221018245048,25.055970149253724,52.30491885809027,1,23.55,25.055970149253724,0,False,0.0
temperature_critical_high_kitchen_cold_period,temperature,acceptable,WEIGHTED_MEAN,0.8717486476348526,0.41759950248756184,0.40949853165931316,0.8594070060816804,8.351990049751237,17.434972952696803,1,23.55,8.351990049751237,0,False,
temperature_critical_high_kitchen_cold_period,temperature,degraded,CRISP_CLASS_MAX,25.0,1.25,0.0,1.2500000000000178,25.0,499.9999999999929,1,23.55,25.0,0,False,
temperature_critical_high_kitchen_cold_period,temperature,degraded,FUZZY_COMPONENT_MAX,2.6152459429045507,1.2527985074626862,1.2284955949779288,2.578221018245048,25.055970149253724,52.30491885809027,1,23.55,25.055970149253724,0,False,
temperature_critical_high_kitchen_cold_period,temperature,degraded,PROPOSED_HFIS,2.6152459429045507,1.2527985074626862,1.2284955949779288,2.578221018245048,25.055970149253724,52.30491885809027,1,23.55,25.055970149253724,0,False,0.0
temperature_critical_high_kitchen_cold_period,temperature,degraded,WEIGHTED_MEAN,0.8717486476348455,0.41759950248756184,0.4094985316593096,0.8594070060816869,8.351990049751237,17.43497295269666,0,,8.351990049751237,0,False,
temperature_critical_high_kitchen_cold_period,temperature,favourable,CRISP_CLASS_MAX,25.0,1.25,0.0,1.2500000000000178,25.0,499.9999999999929,1,23.55,25.0,0,False,
temperature_critical_high_kitchen_cold_period,temperature,favourable,FUZZY_COMPONENT_MAX,2.6152459429045507,1.2527985074626862,1.2284955949779288,2.578221018245048,25.055970149253724,52.30491885809027,1,23.55,25.055970149253724,0,False,
temperature_critical_high_kitchen_cold_period,temperature,favourable,PROPOSED_HFIS,2.6152459429045507,1.2527985074626862,1.2284955949779288,2.578221018245048,25.055970149253724,52.30491885809027,1,23.55,25.055970149253724,0,False,0.0
temperature_critical_high_kitchen_cold_period,temperature,favourable,WEIGHTED_MEAN,0.8717486476348455,0.417599502487562,0.4094985316593096,0.8594070060816869,8.35199004975124,17.43497295269666,0,,8.35199004975124,0,False,
temperature_critical_low_general_residential_warm_period,temperature,acceptable,CRISP_CLASS_MAX,25.0,1.25,0.0,1.2500000000000178,25.0,499.9999999999929,1,22.0,25.0,0,False,
temperature_critical_low_general_residential_warm_period,temperature,acceptable,FUZZY_COMPONENT_MAX,2.6152459429045507,1.2527985074626862,1.2284955949779288,2.578221018245048,25.055970149253724,52.30491885809027,1,22.0,25.055970149253724,0,False,
temperature_critical_low_general_residential_warm_period,temperature,acceptable,PROPOSED_HFIS,2.6152459429045507,1.2527985074626862,1.2284955949779288,2.578221018245048,25.055970149253724,52.30491885809027,1,22.0,25.055970149253724,0,False,0.0
temperature_critical_low_general_residential_warm_period,temperature,acceptable,WEIGHTED_MEAN,0.8717486476348526,0.41759950248756184,0.40949853165931316,0.8594070060816804,8.351990049751237,17.434972952696803,1,22.0,8.351990049751237,0,False,
temperature_critical_low_general_residential_warm_period,temperature,degraded,CRISP_CLASS_MAX,25.0,1.25,0.0,1.2500000000000178,25.0,499.9999999999929,1,22.0,25.0,0,False,
temperature_critical_low_general_residential_warm_period,temperature,degraded,FUZZY_COMPONENT_MAX,2.6152459429045507,1.2527985074626862,1.2284955949779288,2.578221018245048,25.055970149253724,52.30491885809027,1,22.0,25.055970149253724,0,False,
temperature_critical_low_general_residential_warm_period,temperature,degraded,PROPOSED_HFIS,2.6152459429045507,1.2527985074626862,1.2284955949779288,2.578221018245048,25.055970149253724,52.30491885809027,1,22.0,25.055970149253724,0,False,0.0
temperature_critical_low_general_residential_warm_period,temperature,degraded,WEIGHTED_MEAN,0.8717486476348455,0.41759950248756184,0.4094985316593096,0.8594070060816869,8.351990049751237,17.43497295269666,0,,8.351990049751237,0,False,
temperature_critical_low_general_residential_warm_period,temperature,favourable,CRISP_CLASS_MAX,25.0,1.25,0.0,1.2500000000000178,25.0,499.9999999999929,1,22.0,25.0,0,False,
temperature_critical_low_general_residential_warm_period,temperature,favourable,FUZZY_COMPONENT_MAX,2.6152459429045507,1.2527985074626862,1.2284955949779288,2.578221018245048,25.055970149253724,52.30491885809027,1,22.0,25.055970149253724,0,False,
temperature_critical_low_general_residential_warm_period,temperature,favourable,PROPOSED_HFIS,2.6152459429045507,1.2527985074626862,1.2284955949779288,2.578221018245048,25.055970149253724,52.30491885809027,1,22.0,25.055970149253724,0,False,0.0
temperature_critical_low_general_residential_warm_period,temperature,favourable,WEIGHTED_MEAN,0.8717486476348455,0.417599502487562,0.4094985316593096,0.8594070060816869,8.35199004975124,17.43497295269666,0,,8.35199004975124,0,False,
temperature_critical_low_kitchen_cold_period,temperature,acceptable,CRISP_CLASS_MAX,25.0,1.25,0.0,1.2500000000000178,25.0,499.9999999999929,1,15.5,25.0,0,False,
temperature_critical_low_kitchen_cold_period,temperature,acceptable,FUZZY_COMPONENT_MAX,2.6152459429045507,1.2527985074626862,1.228495594978014,2.578221018244953,25.055970149253724,52.30491885809027,1,15.5,25.055970149253724,0,False,
temperature_critical_low_kitchen_cold_period,temperature,acceptable,PROPOSED_HFIS,2.6152459429045507,1.2527985074626862,1.228495594978014,2.578221018244953,25.055970149253724,52.30491885809027,1,15.5,25.055970149253724,0,False,0.0
temperature_critical_low_kitchen_cold_period,temperature,acceptable,WEIGHTED_MEAN,0.8717486476348526,0.41759950248756184,0.4094985316593345,0.8594070060816399,8.351990049751237,17.434972952696803,1,15.5,8.351990049751237,0,False,
temperature_critical_low_kitchen_cold_period,temperature,degraded,CRISP_CLASS_MAX,25.0,1.25,0.0,1.2500000000000178,25.0,499.9999999999929,1,15.5,25.0,0,False,
temperature_critical_low_kitchen_cold_period,temperature,degraded,FUZZY_COMPONENT_MAX,2.6152459429045507,1.2527985074626862,1.228495594978014,2.578221018244953,25.055970149253724,52.30491885809027,1,15.5,25.055970149253724,0,False,
temperature_critical_low_kitchen_cold_period,temperature,degraded,PROPOSED_HFIS,2.6152459429045507,1.2527985074626862,1.228495594978014,2.578221018244953,25.055970149253724,52.30491885809027,1,15.5,25.055970149253724,0,False,0.0
temperature_critical_low_kitchen_cold_period,temperature,degraded,WEIGHTED_MEAN,0.8717486476348455,0.41759950248756184,0.409498531659338,0.8594070060816463,8.351990049751237,17.43497295269666,0,,8.351990049751237,0,False,
temperature_critical_low_kitchen_cold_period,temperature,favourable,CRISP_CLASS_MAX,25.0,1.25,0.0,1.2500000000000178,25.0,499.9999999999929,1,15.5,25.0,0,False,
temperature_critical_low_kitchen_cold_period,temperature,favourable,FUZZY_COMPONENT_MAX,2.6152459429045507,1.2527985074626862,1.228495594978014,2.578221018244953,25.055970149253724,52.30491885809027,1,15.5,25.055970149253724,0,False,
temperature_critical_low_kitchen_cold_period,temperature,favourable,PROPOSED_HFIS,2.6152459429045507,1.2527985074626862,1.228495594978014,2.578221018244953,25.055970149253724,52.30491885809027,1,15.5,25.055970149253724,0,False,0.0
temperature_critical_low_kitchen_cold_period,temperature,favourable,WEIGHTED_MEAN,0.8717486476348455,0.417599502487562,0.409498531659338,0.8594070060816531,8.35199004975124,17.43497295269666,0,,8.35199004975124,0,False,
temperature_favorable_high_edge_general_residential_warm_period,temperature,acceptable,CRISP_CLASS_MAX,0.0,0.0,0.0,0.0,0.0,0.0,0,,0.0,0,False,
temperature_favorable_high_edge_general_residential_warm_period,temperature,acceptable,FUZZY_COMPONENT_MAX,2.5695134061569362,0.625,0.0,2.5254008974217905,12.5,51.39026812313799,1,26.0,12.5,0,False,
temperature_favorable_high_edge_general_residential_warm_period,temperature,acceptable,PROPOSED_HFIS,2.5695134061569362,0.625,0.0,2.5254008974217905,12.5,51.39026812313799,1,26.0,12.5,0,False,0.0
temperature_favorable_high_edge_general_residential_warm_period,temperature,acceptable,WEIGHTED_MEAN,0.8565044687189811,0.2083333333333332,0.0,0.8418002991405924,4.166666666666664,17.130089374379377,0,,4.166666666666664,0,False,
temperature_favorable_high_edge_general_residential_warm_period,temperature,degraded,CRISP_CLASS_MAX,0.0,0.0,0.0,0.0,0.0,0.0,0,,0.0,0,False,
temperature_favorable_high_edge_general_residential_warm_period,temperature,degraded,FUZZY_COMPONENT_MAX,7.105427357601002e-15,2.1316282072803005e-15,0.0,7.105427357601002e-15,4.263256414560601e-14,1.4210854715201802e-13,0,,7.105427357601002e-15,0,False,
temperature_favorable_high_edge_general_residential_warm_period,temperature,degraded,PROPOSED_HFIS,1.4210854715202004e-14,6.394884621840902e-15,7.105427357601002e-15,1.4210854715202004e-14,1.2789769243681803e-13,2.8421709430403604e-13,0,,2.1316282072803006e-14,0,False,3.1974423109203827e-15
temperature_favorable_high_edge_general_residential_warm_period,temperature,degraded,WEIGHTED_MEAN,0.0,0.0,0.0,0.0,0.0,0.0,0,,0.0,0,False,
temperature_favorable_high_edge_general_residential_warm_period,temperature,favourable,CRISP_CLASS_MAX,25.0,1.25,0.0,1.2500000000000178,25.0,499.9999999999929,1,25.55,25.0,0,True,
temperature_favorable_high_edge_general_residential_warm_period,temperature,favourable,FUZZY_COMPONENT_MAX,2.6152459429045614,1.8777985074626866,2.4645494500293736,2.5782210182450616,37.55597014925373,52.30491885809048,2,25.5;26.0,37.55597014925373,0,False,
temperature_favorable_high_edge_general_residential_warm_period,temperature,favourable,PROPOSED_HFIS,2.6152459429045614,1.8777985074626866,2.4645494500293736,2.5782210182450616,37.55597014925373,52.30491885809048,2,25.5;26.0,37.55597014925373,0,False,0.0
temperature_favorable_high_edge_general_residential_warm_period,temperature,favourable,WEIGHTED_MEAN,0.8717486476348526,0.6259328358208955,0.8215164833431228,0.8594070060816872,12.518656716417912,17.434972952696803,0,,12.518656716417912,0,True,
temperature_favorable_high_edge_kitchen_cold_period,temperature,acceptable,CRISP_CLASS_MAX,0.0,0.0,0.0,0.0,0.0,0.0,0,,0.0,0,False,
temperature_favorable_high_edge_kitchen_cold_period,temperature,acceptable,FUZZY_COMPONENT_MAX,0.0,0.0,0.0,0.0,0.0,0.0,0,,0.0,0,False,
temperature_favorable_high_edge_kitchen_cold_period,temperature,acceptable,PROPOSED_HFIS,0.0,0.0,0.0,0.0,0.0,0.0,0,,0.0,0,False,0.0
temperature_favorable_high_edge_kitchen_cold_period,temperature,acceptable,WEIGHTED_MEAN,0.0,0.0,0.0,0.0,0.0,0.0,0,,0.0,0,False,
temperature_favorable_high_edge_kitchen_cold_period,temperature,degraded,CRISP_CLASS_MAX,0.0,0.0,0.0,0.0,0.0,0.0,0,,0.0,0,False,
temperature_favorable_high_edge_kitchen_cold_period,temperature,degraded,FUZZY_COMPONENT_MAX,7.105427357601002e-15,1.4210854715202005e-15,0.0,7.105427357601002e-15,2.842170943040401e-14,1.4210854715201802e-13,0,,7.105427357601002e-15,0,False,
temperature_favorable_high_edge_kitchen_cold_period,temperature,degraded,PROPOSED_HFIS,1.4210854715202004e-14,4.263256414560601e-15,0.0,1.4210854715202004e-14,8.526512829121202e-14,2.8421709430403604e-13,0,,2.1316282072803006e-14,0,False,2.131628207280255e-15
temperature_favorable_high_edge_kitchen_cold_period,temperature,degraded,WEIGHTED_MEAN,0.0,0.0,0.0,0.0,0.0,0.0,0,,0.0,0,False,
temperature_favorable_high_edge_kitchen_cold_period,temperature,favourable,CRISP_CLASS_MAX,25.0,1.25,0.0,1.2500000000000178,25.0,499.9999999999929,1,21.05,25.0,0,True,
temperature_favorable_high_edge_kitchen_cold_period,temperature,favourable,FUZZY_COMPONENT_MAX,2.6152459429045614,1.2527985074626866,1.2284955949779324,2.5782210182450616,25.05597014925373,52.30491885809048,1,21.0,25.05597014925373,0,False,
temperature_favorable_high_edge_kitchen_cold_period,temperature,favourable,PROPOSED_HFIS,2.6152459429045614,1.2527985074626866,1.2284955949779324,2.5782210182450616,25.05597014925373,52.30491885809048,1,21.0,25.05597014925373,0,False,0.0
temperature_favorable_high_edge_kitchen_cold_period,temperature,favourable,WEIGHTED_MEAN,0.8717486476348526,0.41759950248756217,0.4094985316593114,0.8594070060816872,8.351990049751244,17.434972952696803,0,,8.351990049751244,0,True,
temperature_favorable_low_edge_general_residential_warm_period,temperature,acceptable,CRISP_CLASS_MAX,0.0,0.0,0.0,0.0,0.0,0.0,0,,0.0,0,False,
temperature_favorable_low_edge_general_residential_warm_period,temperature,acceptable,FUZZY_COMPONENT_MAX,2.5695134061569362,0.625,0.0,2.5254008974217905,12.5,51.39026812313799,1,23.05,12.5,0,False,
temperature_favorable_low_edge_general_residential_warm_period,temperature,acceptable,PROPOSED_HFIS,2.5695134061569362,0.625,0.0,2.5254008974217905,12.5,51.39026812313799,1,23.05,12.5,0,False,0.0
temperature_favorable_low_edge_general_residential_warm_period,temperature,acceptable,WEIGHTED_MEAN,0.8565044687189811,0.2083333333333332,0.0,0.8418002991405924,4.166666666666664,17.130089374379377,0,,4.166666666666664,0,False,
temperature_favorable_low_edge_general_residential_warm_period,temperature,degraded,CRISP_CLASS_MAX,0.0,0.0,0.0,0.0,0.0,0.0,0,,0.0,0,False,
temperature_favorable_low_edge_general_residential_warm_period,temperature,degraded,FUZZY_COMPONENT_MAX,7.105427357601002e-15,2.1316282072803005e-15,0.0,7.105427357601002e-15,4.263256414560601e-14,1.4210854715201802e-13,0,,7.105427357601002e-15,0,False,
temperature_favorable_low_edge_general_residential_warm_period,temperature,degraded,PROPOSED_HFIS,1.4210854715202004e-14,6.394884621840902e-15,7.105427357601002e-15,1.4210854715202004e-14,1.2789769243681803e-13,2.8421709430403604e-13,0,,2.1316282072803006e-14,0,False,3.1974423109203827e-15
temperature_favorable_low_edge_general_residential_warm_period,temperature,degraded,WEIGHTED_MEAN,0.0,0.0,0.0,0.0,0.0,0.0,0,,0.0,0,False,
temperature_favorable_low_edge_general_residential_warm_period,temperature,favourable,CRISP_CLASS_MAX,25.0,1.25,0.0,1.2500000000000178,25.0,499.9999999999929,1,23.5,25.0,0,True,
temperature_favorable_low_edge_general_residential_warm_period,temperature,favourable,FUZZY_COMPONENT_MAX,2.6152459429045614,1.8777985074626866,2.4645494500293736,2.5782210182450616,37.55597014925373,52.30491885809048,2,23.05;23.55,37.55597014925373,0,False,
temperature_favorable_low_edge_general_residential_warm_period,temperature,favourable,PROPOSED_HFIS,2.6152459429045614,1.8777985074626866,2.4645494500293736,2.5782210182450616,37.55597014925373,52.30491885809048,2,23.05;23.55,37.55597014925373,0,False,0.0
temperature_favorable_low_edge_general_residential_warm_period,temperature,favourable,WEIGHTED_MEAN,0.8717486476348526,0.6259328358208955,0.8215164833431228,0.8594070060816872,12.518656716417912,17.434972952696803,0,,12.518656716417912,0,True,
temperature_favorable_low_edge_kitchen_cold_period,temperature,acceptable,CRISP_CLASS_MAX,0.0,0.0,0.0,0.0,0.0,0.0,0,,0.0,0,False,
temperature_favorable_low_edge_kitchen_cold_period,temperature,acceptable,FUZZY_COMPONENT_MAX,0.0,0.0,0.0,0.0,0.0,0.0,0,,0.0,0,False,
temperature_favorable_low_edge_kitchen_cold_period,temperature,acceptable,PROPOSED_HFIS,0.0,0.0,0.0,0.0,0.0,0.0,0,,0.0,0,False,0.0
temperature_favorable_low_edge_kitchen_cold_period,temperature,acceptable,WEIGHTED_MEAN,0.0,0.0,0.0,0.0,0.0,0.0,0,,0.0,0,False,
temperature_favorable_low_edge_kitchen_cold_period,temperature,degraded,CRISP_CLASS_MAX,0.0,0.0,0.0,0.0,0.0,0.0,0,,0.0,0,False,
temperature_favorable_low_edge_kitchen_cold_period,temperature,degraded,FUZZY_COMPONENT_MAX,7.105427357601002e-15,1.4210854715202005e-15,0.0,7.105427357601002e-15,2.842170943040401e-14,1.4210854715201802e-13,0,,7.105427357601002e-15,0,False,
temperature_favorable_low_edge_kitchen_cold_period,temperature,degraded,PROPOSED_HFIS,1.4210854715202004e-14,4.263256414560601e-15,0.0,1.4210854715202004e-14,8.526512829121202e-14,2.8421709430403604e-13,0,,2.1316282072803006e-14,0,False,2.131628207280255e-15
temperature_favorable_low_edge_kitchen_cold_period,temperature,degraded,WEIGHTED_MEAN,0.0,0.0,0.0,0.0,0.0,0.0,0,,0.0,0,False,
temperature_favorable_low_edge_kitchen_cold_period,temperature,favourable,CRISP_CLASS_MAX,25.0,1.25,0.0,1.2500000000000178,25.0,499.9999999999929,1,18.0,25.0,0,True,
temperature_favorable_low_edge_kitchen_cold_period,temperature,favourable,FUZZY_COMPONENT_MAX,2.6152459429045614,1.2527985074626866,1.2284955949779324,2.5782210182450616,25.05597014925373,52.30491885809048,1,18.05,25.05597014925373,0,False,
temperature_favorable_low_edge_kitchen_cold_period,temperature,favourable,PROPOSED_HFIS,2.6152459429045614,1.2527985074626866,1.2284955949779324,2.5782210182450616,25.05597014925373,52.30491885809048,1,18.05,25.05597014925373,0,False,0.0
temperature_favorable_low_edge_kitchen_cold_period,temperature,favourable,WEIGHTED_MEAN,0.8717486476348526,0.41759950248756217,0.4094985316593114,0.8594070060816872,8.351990049751244,17.434972952696803,0,,8.351990049751244,0,True,
