channel,hour,reason_codes,n
co2,0,data_loss,120
co2,0,out_of_range,490
co2,0,single_spike,434
co2,0,stuck_value,6
co2,1,data_loss,162
co2,1,out_of_range,511
co2,1,single_spike,427
co2,1,stuck_value,19
co2,2,data_loss,162
co2,2,gradual_drift,11
co2,2,out_of_range,493
co2,2,single_spike,444
co2,2,stuck_value,1
co2,3,data_loss,4
co2,3,out_of_range,493
co2,3,single_spike,411
co2,3,stuck_value,11
co2,4,gradual_drift,19
co2,4,out_of_range,482
co2,4,single_spike,477
co2,4,stuck_value,30
co2,5,gradual_drift,79
co2,5,out_of_range,531
co2,5,single_spike,529
co2,5,stuck_value,16
co2,6,gradual_drift,37
co2,6,out_of_range,485
co2,6,single_spike,487
co2,6,stuck_value,27
co2,7,data_loss,25
co2,7,gradual_drift,49
co2,7,out_of_range,424
co2,7,single_spike,506
co2,7,stuck_value,10
co2,8,data_loss,22
co2,8,gradual_drift,51
co2,8,out_of_range,361
co2,8,single_spike,571
co2,8,stuck_value,6
co2,9,data_loss,9
co2,9,gradual_drift,59
co2,9,out_of_range,411
co2,9,single_spike,545
co2,9,stuck_value,5
co2,10,gradual_drift,20
co2,10,out_of_range,486
co2,10,single_spike,488
co2,10,stuck_value,21
co2,11,data_loss,6
co2,11,gradual_drift,11
co2,11,out_of_range,392
co2,11,single_spike,523
co2,11,stuck_value,10
co2,12,data_loss,18
co2,12,gradual_drift,54
co2,12,out_of_range,228
co2,12,single_spike,556
co2,12,stuck_value,10
co2,13,data_loss,3
co2,13,gradual_drift,34
co2,13,out_of_range,174
co2,13,single_spike,515
co2,13,stuck_value,27
co2,14,out_of_range,49
co2,14,single_spike,535
co2,14,stuck_value,17
co2,15,data_loss,7
co2,15,gradual_drift,27
co2,15,out_of_range,46
co2,15,single_spike,538
co2,15,stuck_value,5
co2,16,data_loss,10
co2,16,gradual_drift,11
co2,16,out_of_range,25
co2,16,single_spike,478
co2,16,stuck_value,10
co2,17,gradual_drift,15
co2,17,out_of_range,21
co2,17,single_spike,528
co2,17,stuck_value,15
co2,18,gradual_drift,30
co2,18,out_of_range,171
co2,18,single_spike,546
co2,19,data_loss,8
co2,19,gradual_drift,75
co2,19,out_of_range,319
co2,19,single_spike,534
co2,19,stuck_value,22
co2,20,data_loss,1
co2,20,gradual_drift,38
co2,20,out_of_range,317
co2,20,single_spike,563
co2,20,stuck_value,1
co2,21,data_loss,5
co2,21,gradual_drift,5
co2,21,out_of_range,323
co2,21,single_spike,441
co2,21,stuck_value,21
co2,22,gradual_drift,9
co2,22,out_of_range,371
co2,22,single_spike,484
co2,22,stuck_value,5
co2,23,data_loss,32
co2,23,gradual_drift,4
co2,23,out_of_range,396
co2,23,single_spike,468
co2,23,stuck_value,10
humidity,0,data_loss,120
humidity,0,out_of_range,241
humidity,0,single_spike,489
humidity,1,data_loss,162
humidity,1,out_of_range,325
humidity,1,single_spike,423
humidity,2,data_loss,162
humidity,2,out_of_range,262
humidity,2,single_spike,406
humidity,2,stuck_value,10
humidity,3,data_loss,4
humidity,3,out_of_range,241
humidity,3,single_spike,539
humidity,3,stuck_value,5
humidity,4,gradual_drift,1
humidity,4,out_of_range,297
humidity,4,single_spike,527
humidity,4,stuck_value,13
humidity,5,out_of_range,262
humidity,5,single_spike,487
humidity,5,stuck_value,5
humidity,6,out_of_range,243
humidity,6,single_spike,560
humidity,7,data_loss,25
humidity,7,out_of_range,172
humidity,7,single_spike,629
humidity,8,data_loss,22
humidity,8,out_of_range,159
humidity,8,single_spike,660
humidity,9,data_loss,9
humidity,9,out_of_range,229
humidity,9,single_spike,662
humidity,9,stuck_value,5
humidity,10,out_of_range,296
humidity,10,single_spike,597
humidity,11,data_loss,6
humidity,11,out_of_range,355
humidity,11,single_spike,599
humidity,12,data_loss,18
humidity,12,out_of_range,272
humidity,12,single_spike,632
humidity,13,data_loss,3
humidity,13,out_of_range,234
humidity,13,single_spike,651
humidity,14,out_of_range,138
humidity,14,single_spike,583
humidity,15,data_loss,7
humidity,15,out_of_range,15
humidity,15,single_spike,580
humidity,16,data_loss,10
humidity,16,out_of_range,3
humidity,16,single_spike,552
humidity,17,out_of_range,77
humidity,17,single_spike,483
humidity,18,out_of_range,275
humidity,18,single_spike,549
humidity,19,data_loss,8
humidity,19,out_of_range,360
humidity,19,single_spike,495
humidity,20,data_loss,1
humidity,20,out_of_range,369
humidity,20,single_spike,518
humidity,21,data_loss,5
humidity,21,out_of_range,390
humidity,21,single_spike,550
humidity,22,out_of_range,364
humidity,22,single_spike,454
humidity,23,data_loss,32
humidity,23,out_of_range,361
humidity,23,single_spike,473
humidity,23,stuck_value,15
pm10,0,data_loss,120
pm10,0,out_of_range,360
pm10,0,single_spike,197
pm10,1,data_loss,162
pm10,1,out_of_range,387
pm10,1,single_spike,209
pm10,2,data_loss,162
pm10,2,out_of_range,367
pm10,2,single_spike,187
pm10,3,data_loss,4
pm10,3,out_of_range,360
pm10,3,single_spike,201
pm10,4,out_of_range,365
pm10,4,single_spike,199
pm10,5,out_of_range,365
pm10,5,single_spike,237
pm10,6,out_of_range,360
pm10,6,single_spike,252
pm10,7,data_loss,25
pm10,7,gradual_drift,20
pm10,7,out_of_range,306
pm10,7,single_spike,303
pm10,8,data_loss,22
pm10,8,gradual_drift,10
pm10,8,out_of_range,265
pm10,8,single_spike,277
pm10,9,data_loss,9
pm10,9,gradual_drift,2
pm10,9,out_of_range,342
pm10,9,single_spike,244
pm10,10,gradual_drift,6
pm10,10,out_of_range,385
pm10,10,single_spike,272
pm10,11,data_loss,6
pm10,11,out_of_range,367
pm10,11,single_spike,260
pm10,12,data_loss,18
pm10,12,gradual_drift,5
pm10,12,out_of_range,275
pm10,12,single_spike,257
pm10,13,data_loss,3
pm10,13,gradual_drift,4
pm10,13,out_of_range,219
pm10,13,single_spike,265
pm10,14,gradual_drift,1
pm10,14,out_of_range,133
pm10,14,single_spike,260
pm10,15,data_loss,7
pm10,15,gradual_drift,9
pm10,15,out_of_range,134
pm10,15,single_spike,260
pm10,16,data_loss,10
pm10,16,gradual_drift,3
pm10,16,out_of_range,123
pm10,16,single_spike,302
pm10,17,gradual_drift,4
pm10,17,out_of_range,133
pm10,17,single_spike,256
pm10,18,gradual_drift,18
pm10,18,out_of_range,283
pm10,18,single_spike,309
pm10,19,data_loss,8
pm10,19,gradual_drift,9
pm10,19,out_of_range,488
pm10,19,single_spike,260
pm10,20,data_loss,6
pm10,20,gradual_drift,75
pm10,20,out_of_range,536
pm10,20,single_spike,296
pm10,21,data_loss,9
pm10,21,gradual_drift,23
pm10,21,out_of_range,271
pm10,21,single_spike,267
pm10,22,out_of_range,240
pm10,22,single_spike,208
pm10,23,data_loss,32
pm10,23,out_of_range,260
pm10,23,single_spike,214
pm2_5,0,data_loss,120
pm2_5,0,out_of_range,360
pm2_5,0,single_spike,194
pm2_5,1,data_loss,162
pm2_5,1,gradual_drift,2
pm2_5,1,out_of_range,387
pm2_5,1,single_spike,208
pm2_5,2,data_loss,162
pm2_5,2,out_of_range,367
pm2_5,2,single_spike,183
pm2_5,3,data_loss,4
pm2_5,3,out_of_range,360
pm2_5,3,single_spike,202
pm2_5,4,out_of_range,365
pm2_5,4,single_spike,203
pm2_5,5,gradual_drift,3
pm2_5,5,out_of_range,365
pm2_5,5,single_spike,235
pm2_5,6,gradual_drift,13
pm2_5,6,out_of_range,360
pm2_5,6,single_spike,250
pm2_5,7,data_loss,25
pm2_5,7,gradual_drift,70
pm2_5,7,out_of_range,305
pm2_5,7,single_spike,296
pm2_5,8,data_loss,22
pm2_5,8,gradual_drift,31
pm2_5,8,out_of_range,264
pm2_5,8,single_spike,291
pm2_5,9,data_loss,9
pm2_5,9,gradual_drift,31
pm2_5,9,out_of_range,336
pm2_5,9,single_spike,248
pm2_5,10,gradual_drift,25
pm2_5,10,out_of_range,383
pm2_5,10,single_spike,264
pm2_5,11,data_loss,6
pm2_5,11,gradual_drift,11
pm2_5,11,out_of_range,367
pm2_5,11,single_spike,262
pm2_5,12,data_loss,18
pm2_5,12,gradual_drift,8
pm2_5,12,out_of_range,273
pm2_5,12,single_spike,260
pm2_5,13,data_loss,3
pm2_5,13,gradual_drift,15
pm2_5,13,out_of_range,219
pm2_5,13,single_spike,279
pm2_5,14,gradual_drift,3
pm2_5,14,out_of_range,133
pm2_5,14,single_spike,266
pm2_5,15,data_loss,7
pm2_5,15,gradual_drift,10
pm2_5,15,out_of_range,133
pm2_5,15,single_spike,252
pm2_5,16,data_loss,10
pm2_5,16,gradual_drift,27
pm2_5,16,out_of_range,122
pm2_5,16,single_spike,293
pm2_5,17,gradual_drift,8
pm2_5,17,out_of_range,132
pm2_5,17,single_spike,266
pm2_5,18,gradual_drift,32
pm2_5,18,out_of_range,281
pm2_5,18,single_spike,298
pm2_5,19,data_loss,8
pm2_5,19,gradual_drift,10
pm2_5,19,out_of_range,487
pm2_5,19,single_spike,262
pm2_5,20,data_loss,6
pm2_5,20,gradual_drift,105
pm2_5,20,out_of_range,524
pm2_5,20,single_spike,293
pm2_5,21,data_loss,9
pm2_5,21,gradual_drift,41
pm2_5,21,out_of_range,269
pm2_5,21,single_spike,266
pm2_5,22,gradual_drift,2
pm2_5,22,out_of_range,240
pm2_5,22,single_spike,205
pm2_5,23,data_loss,32
pm2_5,23,out_of_range,260
pm2_5,23,single_spike,226
temperature,0,data_loss,120
temperature,0,out_of_range,241
temperature,0,single_spike,1265
temperature,0,stuck_value,1221
temperature,1,data_loss,162
temperature,1,out_of_range,325
temperature,1,single_spike,1261
temperature,1,stuck_value,1348
temperature,2,data_loss,162
temperature,2,out_of_range,262
temperature,2,single_spike,1247
temperature,2,stuck_value,1442
temperature,3,data_loss,4
temperature,3,out_of_range,241
temperature,3,single_spike,1192
temperature,3,stuck_value,1499
temperature,4,out_of_range,297
temperature,4,single_spike,1100
temperature,4,stuck_value,1317
temperature,5,out_of_range,262
temperature,5,single_spike,906
temperature,5,stuck_value,1227
temperature,6,out_of_range,243
temperature,6,single_spike,1033
temperature,6,stuck_value,1453
temperature,7,data_loss,25
temperature,7,out_of_range,172
temperature,7,single_spike,1082
temperature,7,stuck_value,1314
temperature,8,data_loss,22
temperature,8,out_of_range,159
temperature,8,single_spike,960
temperature,8,stuck_value,1177
temperature,9,data_loss,9
temperature,9,out_of_range,229
temperature,9,single_spike,991
temperature,9,stuck_value,1097
temperature,10,out_of_range,296
temperature,10,single_spike,945
temperature,10,stuck_value,1250
temperature,11,data_loss,6
temperature,11,out_of_range,355
temperature,11,single_spike,887
temperature,11,stuck_value,1049
temperature,12,data_loss,18
temperature,12,out_of_range,272
temperature,12,single_spike,776
temperature,12,stuck_value,611
temperature,13,data_loss,3
temperature,13,out_of_range,234
temperature,13,single_spike,605
temperature,13,stuck_value,300
temperature,14,out_of_range,138
temperature,14,single_spike,588
temperature,14,stuck_value,391
temperature,15,data_loss,7
temperature,15,out_of_range,15
temperature,15,single_spike,557
temperature,15,stuck_value,474
temperature,16,data_loss,10
temperature,16,out_of_range,3
temperature,16,single_spike,846
temperature,16,stuck_value,698
temperature,17,out_of_range,77
temperature,17,single_spike,617
temperature,17,stuck_value,398
temperature,18,out_of_range,275
temperature,18,single_spike,584
temperature,18,stuck_value,409
temperature,19,data_loss,8
temperature,19,out_of_range,360
temperature,19,single_spike,783
temperature,19,stuck_value,656
temperature,20,data_loss,1
temperature,20,out_of_range,369
temperature,20,single_spike,895
temperature,20,stuck_value,750
temperature,21,data_loss,5
temperature,21,out_of_range,390
temperature,21,single_spike,1037
temperature,21,stuck_value,970
temperature,22,out_of_range,364
temperature,22,single_spike,1118
temperature,22,stuck_value,1174
temperature,23,data_loss,32
temperature,23,out_of_range,361
temperature,23,single_spike,1150
temperature,23,stuck_value,1201
