claim_id,manuscript_claim,required_evidence,artifact_path,metric_name,metric_value,status,limitation,recommended_wording
claim_01,The data-quality layer prevents index calculation from insufficient data.,FAILED-completeness computed_ts have a null index_value/index_class.,exports/index_timeseries.csv,FAILED count,1062,SUPPORTED,"FAILED-status rows are structurally guaranteed to carry a null index_value/index_class (see tests/integration/test_mandatory_regressions.py::test_failed_results_have_null_index_class_and_no_dominant_component), not merely usually null.",The pipeline never reports an index value or class when fewer than two components have sufficient data (FAILED status); it is left null rather than approximated.
claim_02,The system separates sensor faults from plausible environmental changes.,Low false-rejection rate for genuine events on the validation split; per-reason-code precision/recall.,exports/fault_detection_metrics.csv,false_rejection_rate_for_genuine_events (validation),0.000,PARTIALLY_SUPPORTED,"False rejection of genuine events is low (0.000), but validation-split precision is weak for: single_spike, stuck_value, gradual_drift (see fault_detection_metrics.csv) -- separation is real but not equally reliable across every fault type.","The validation split showed a low false-rejection rate for genuine events, though precision for isolated-spike detection specifically remains limited (see Limitations)."
claim_03,Weighted averaging can mask an adverse component.,WEIGHTED_MEAN masking_rate > 0 for at least one critical-severity event.,exports/masking_summary.csv,masking_rate,0.605,SUPPORTED,170/281 critical-component events were masked by WEIGHTED_MEAN this run.,"WEIGHTED_MEAN can classify a result as less severe than its most adverse component when other components are favourable, diluting the signal."
claim_04,The proposed HFIS preserves adverse-component priority.,A deterministic dominant-component attribution exists and is non-trivial across real computed_ts.,exports/index_timeseries.csv,dominant_component_frequency,"{'A': 11508, 'V': 1056}",SUPPORTED,"Structural guarantee (the 2nd-level Mamdani rule base's worst-of consequent, see fuzzy_engine.determine_dominance and tests/unit/test_dominance.py) verified per-timestamp by a non-trivial, real dominant-component distribution this run.",PROPOSED_HFIS's worst-of rule base structurally prevents a favourable component from suppressing a critical component's severity in the aggregated class.
claim_05,HFIS provides smoother numeric behavior near thresholds than CRISP_CLASS_MAX.,Lower local Lipschitz ratio (max |delta index| / |delta input|) than CRISP_CLASS_MAX on most boundary/context pairs.,exports/continuity_summary.csv,hfis_smoother_count / n_boundary_context_pairs_compared,39/81,SUPPORTED,"PROPOSED_HFIS had a strictly lower local Lipschitz ratio than CRISP_CLASS_MAX on 39/81 boundary/context pairs (5 the reverse, 37 tied) -- PROPOSED_HFIS is smoother than CRISP_CLASS_MAX on most of the boundaries and contexts tested, not uniformly.",PROPOSED_HFIS's continuous membership functions avoid the step discontinuities CRISP_CLASS_MAX exhibits at every control-region boundary.
claim_06,HFIS provides more stable classifications under sensor uncertainty than the crisp baseline.,Lower class-change rate than CRISP_CLASS_MAX under identical perturbation trials.,exports/stability_summary.csv,class_change_rate (PROPOSED_HFIS vs CRISP_CLASS_MAX),0.12444444444444444 vs 0.13111111111111112,SUPPORTED,PROPOSED_HFIS class-change rate 0.124 < CRISP_CLASS_MAX's 0.131 under the same perturbation trials.,"Under bounded sensor-uncertainty perturbation, PROPOSED_HFIS's smooth membership functions change output class less often than the hard-threshold CRISP_CLASS_MAX baseline."
claim_07,The system is computationally feasible on Raspberry Pi 5.,Per-timestamp latency and peak memory measured on the actual RPi5 deployment hardware.,run_summary.json:performance,"per_timestamp_latency_ms.mean, peak_memory_mb",1820.5485288020216 ms,SUPPORTED,"Measured on Linux-6.12.62+rpt-rpi-2712-aarch64-with-glibc2.41: mean per-timestamp latency 1820.5 ms, peak memory 724.296875 MB.",Measured runtime and peak memory on the deployment Raspberry Pi 5 stay well within the 5-minute recompute interval.
claim_08,Outdoor data improve confirmation/explanation without directly entering the index.,Outdoor fields are never mapped to a direct index input (structural); outdoor context is recorded per computed_ts for confirmation/explanation only.,exports/outdoor_context_timeseries.csv,structural guarantee,schema.SchemaMappingConfig._no_carbon_monoxide_as_co2 + COMPONENT_INPUTS excludes outdoor.*,SUPPORTED,Enforced at config-load time (iaq_hfis.config.SchemaMappingConfig) and by construction: COMPONENT_INPUTS never references an outdoor.* channel; verified by tests/unit/test_config.py::test_schema_mapping_rejects_carbon_monoxide_as_co2 and the confirmation logic in quality/soft_checks.py.,"Outdoor PM2.5/PM10/temperature/CO2 context is used only for dual-source confirmation and trend annotation, never as a direct fuzzy-inference input to the integrated index."
claim_09,The full microclimate component is standards-based for the selected room and season.,The room/season temperature profile actually used is DBN-supported (not provisional) and the run was executed in mode='publication'.,manuscript_readiness.json,manuscript_readiness.ready,False,BLOCKED,pipeline run mode='exploratory' -- only mode='publication' runs are manuscript-eligible (exploratory runs never fabricate the microclimate component),No claim is made that the microclimate component is standards-based for this run's data period -- see manuscript_readiness.md for the specific blocker.
